delivery_date,supplier_id,store_id,product_id,supplier_quality_tier,planned_shelf_life_days,actual_shelf_life_days,shelf_life_variance,delivery_delay_days,quantity_delivered,quality_score,temperature_maintained,packaging_condition
2023-10-25,SUP18,S002,P001,Standard,13,13,0.0,3,182,8,True,Good
2023-08-11,SUP18,S005,P030,Standard,5,4,-0.2,0,30,9,True,Poor
2023-01-20,SUP18,S004,P041,Standard,10,11,0.1,0,38,6,True,Good
2023-06-17,SUP18,S003,P030,Standard,5,3,-0.4,0,43,8,True,Good
2023-01-31,SUP18,S002,P019,Standard,3,2,-0.333,0,244,6,True,Fair
2023-04-27,SUP18,S002,P019,Standard,3,3,0.0,0,67,7,True,Excellent
2023-08-07,SUP18,S004,P001,Standard,13,12,-0.077,0,96,8,True,Excellent
2023-08-07,SUP18,S003,P001,Standard,13,13,0.0,0,230,6,True,Good
2023-02-09,SUP18,S002,P019,Standard,3,2,-0.333,0,266,8,True,Good
2023-07-18,SUP18,S001,P001,Standard,13,14,0.077,0,73,7,True,Good
2023-02-15,SUP18,S003,P030,Standard,5,3,-0.4,0,191,6,True,Good
2023-09-22,SUP18,S002,P030,Standard,5,3,-0.4,0,49,8,False,Fair
2023-11-30,SUP18,S004,P019,Standard,3,3,0.0,0,281,8,True,Excellent
2023-12-30,SUP18,S001,P001,Standard,13,13,0.0,0,96,9,True,Fair
2023-10-13,SUP18,S001,P030,Standard,5,4,-0.2,0,166,7,False,Fair
2023-12-14,SUP18,S006,P019,Standard,3,3,0.0,0,224,7,True,Good
2023-08-13,SUP18,S001,P030,Standard,5,5,0.0,0,64,9,True,Good
2023-03-05,SUP18,S005,P030,Standard,5,5,0.0,0,202,9,True,Good
2023-09-03,SUP18,S005,P019,Standard,3,3,0.0,0,95,9,True,Fair
2023-03-05,SUP18,S005,P030,Standard,5,5,0.0,0,264,6,True,Fair
2023-01-25,SUP18,S002,P019,Standard,3,2,-0.333,0,126,8,True,Good
2023-10-16,SUP18,S001,P001,Standard,13,9,-0.308,1,73,6,False,Fair
2023-11-24,SUP18,S003,P001,Standard,13,11,-0.154,2,292,9,True,Good
2023-11-10,SUP18,S003,P041,Standard,10,10,0.0,0,186,8,True,Fair
2023-10-22,SUP18,S005,P041,Standard,10,7,-0.3,0,251,9,True,Excellent
2023-12-07,SUP18,S005,P030,Standard,5,5,0.0,0,101,8,True,Good
2023-12-23,SUP18,S006,P041,Standard,10,11,0.1,0,251,6,False,Good
2023-02-24,SUP18,S003,P030,Standard,5,4,-0.2,0,120,8,True,Fair
2023-01-18,SUP18,S004,P041,Standard,10,10,0.0,0,242,6,True,Excellent
2023-12-14,SUP18,S001,P041,Standard,10,9,-0.1,0,53,9,False,Good
2023-07-14,SUP18,S003,P030,Standard,5,5,0.0,0,282,6,True,Excellent
2023-03-14,SUP18,S004,P030,Standard,5,5,0.0,0,42,9,True,Excellent
2023-08-02,SUP18,S005,P019,Standard,3,2,-0.333,0,214,7,True,Fair
2023-05-20,SUP18,S004,P019,Standard,3,3,0.0,0,261,9,True,Good
2023-11-11,SUP18,S004,P041,Standard,10,9,-0.1,0,178,8,True,Fair
2023-05-23,SUP18,S002,P041,Standard,10,7,-0.3,3,124,8,True,Excellent
2023-12-24,SUP18,S006,P019,Standard,3,2,-0.333,0,140,7,True,Excellent
2023-06-16,SUP18,S002,P019,Standard,3,2,-0.333,0,46,6,True,Fair
2023-11-04,SUP18,S002,P001,Standard,13,14,0.077,0,98,7,True,Excellent
2023-06-07,SUP01,S001,P002,Standard,4,3,-0.25,0,198,8,True,Good
2023-03-01,SUP01,S006,P024,Standard,7,5,-0.286,0,220,8,False,Fair
2023-09-13,SUP01,S005,P002,Standard,4,3,-0.25,0,48,6,True,Fair
2023-12-03,SUP01,S002,P024,Standard,7,6,-0.143,0,243,6,True,Excellent
2023-11-17,SUP01,S004,P002,Standard,4,4,0.0,0,250,9,True,Good
2023-04-13,SUP01,S003,P002,Standard,4,4,0.0,0,217,6,True,Excellent
2023-07-07,SUP01,S002,P024,Standard,7,7,0.0,0,170,9,True,Good
2023-09-17,SUP01,S006,P002,Standard,4,4,0.0,0,205,8,True,Fair
2023-01-28,SUP01,S006,P002,Standard,4,4,0.0,0,27,6,True,Good
2023-12-07,SUP01,S004,P002,Standard,4,3,-0.25,0,283,7,False,Good
2023-01-31,SUP01,S004,P002,Standard,4,4,0.0,0,156,6,True,Fair
2023-04-23,SUP01,S003,P002,Standard,4,4,0.0,0,121,8,False,Excellent
2023-02-10,SUP01,S004,P024,Standard,7,7,0.0,0,64,8,True,Good
2023-02-13,SUP01,S002,P002,Standard,4,4,0.0,3,58,7,True,Excellent
2023-10-06,SUP01,S006,P024,Standard,7,5,-0.286,0,300,9,True,Good
2023-06-25,SUP01,S005,P002,Standard,4,3,-0.25,0,270,8,True,Fair
2023-10-17,SUP01,S006,P024,Standard,7,5,-0.286,1,79,6,True,Good
2023-11-08,SUP01,S004,P024,Standard,7,8,0.143,0,226,6,False,Excellent
2023-11-03,SUP01,S005,P002,Standard,4,3,-0.25,0,57,7,True,Good
2023-09-19,SUP01,S005,P002,Standard,4,3,-0.25,0,213,6,True,Fair
2023-12-10,SUP01,S005,P002,Standard,4,4,0.0,0,281,7,False,Excellent
2023-07-03,SUP01,S001,P024,Standard,7,5,-0.286,0,290,6,True,Fair
2023-09-16,SUP01,S004,P002,Standard,4,2,-0.5,0,207,8,True,Good
2023-04-04,SUP01,S004,P024,Standard,7,7,0.0,0,155,7,False,Fair
2023-10-17,SUP01,S006,P024,Standard,7,5,-0.286,0,292,6,True,Good
2023-05-11,SUP01,S002,P024,Standard,7,4,-0.429,0,86,7,True,Excellent
2023-08-14,SUP01,S001,P002,Standard,4,2,-0.5,0,98,8,True,Good
2023-12-10,SUP01,S006,P002,Standard,4,3,-0.25,1,256,7,True,Good
2023-11-27,SUP01,S006,P024,Standard,7,5,-0.286,0,34,8,True,Excellent
2023-02-24,SUP01,S001,P024,Standard,7,5,-0.286,0,51,7,True,Poor
2023-02-15,SUP01,S003,P002,Standard,4,4,0.0,0,225,7,True,Fair
2023-06-11,SUP01,S004,P024,Standard,7,7,0.0,3,255,7,True,Excellent
2023-08-05,SUP01,S006,P002,Standard,4,3,-0.25,1,222,8,False,Fair
2023-10-21,SUP01,S004,P024,Standard,7,5,-0.286,2,22,6,True,Good
2023-04-25,SUP01,S001,P002,Standard,4,4,0.0,2,156,6,True,Good
2023-04-16,SUP01,S004,P024,Standard,7,5,-0.286,0,290,8,False,Good
2023-02-16,SUP01,S006,P002,Standard,4,4,0.0,0,214,7,True,Poor
2023-02-26,SUP01,S001,P024,Standard,7,5,-0.286,0,163,7,True,Fair
2023-08-22,SUP01,S001,P002,Standard,4,3,-0.25,0,77,8,True,Excellent
2023-06-15,SUP01,S002,P002,Standard,4,2,-0.5,0,297,9,True,Good
2023-02-06,SUP01,S002,P024,Standard,7,5,-0.286,0,282,8,True,Good
2023-10-03,SUP01,S005,P024,Standard,7,6,-0.143,0,244,8,True,Good
2023-05-03,SUP01,S003,P002,Standard,4,4,0.0,0,291,7,True,Good
2023-04-25,SUP01,S004,P024,Standard,7,8,0.143,1,192,8,True,Excellent
2023-07-19,SUP01,S005,P002,Standard,4,4,0.0,0,37,6,True,Fair
2023-03-27,SUP01,S003,P024,Standard,7,6,-0.143,3,164,6,True,Fair
2023-09-18,SUP01,S005,P002,Standard,4,3,-0.25,0,81,6,True,Excellent
2023-09-16,SUP01,S006,P002,Standard,4,3,-0.25,0,300,6,True,Good
2023-07-07,SUP01,S003,P002,Standard,4,3,-0.25,0,272,9,True,Good
2023-08-14,SUP01,S003,P002,Standard,4,4,0.0,0,36,7,True,Good
2023-04-14,SUP01,S001,P002,Standard,4,4,0.0,0,197,6,True,Excellent
2023-06-17,SUP01,S004,P002,Standard,4,3,-0.25,0,131,6,True,Good
2023-07-21,SUP01,S006,P024,Standard,7,6,-0.143,0,143,6,True,Good
2023-12-03,SUP01,S002,P024,Standard,7,5,-0.286,0,212,7,True,Good
2023-01-03,SUP01,S004,P024,Standard,7,7,0.0,0,83,7,True,Fair
2023-12-01,SUP01,S006,P002,Standard,4,2,-0.5,0,119,6,True,Fair
2023-01-02,SUP01,S006,P002,Standard,4,3,-0.25,0,96,9,True,Good
2023-09-16,SUP01,S004,P002,Standard,4,3,-0.25,0,42,9,True,Excellent
2023-10-14,SUP01,S001,P002,Standard,4,4,0.0,3,131,8,True,Fair
2023-07-19,SUP01,S005,P024,Standard,7,5,-0.286,2,28,9,False,Good
2023-08-15,SUP01,S006,P024,Standard,7,5,-0.286,1,186,9,True,Excellent
2023-10-14,SUP01,S002,P002,Standard,4,3,-0.25,0,128,8,True,Poor
2023-09-20,SUP01,S003,P024,Standard,7,6,-0.143,0,111,9,True,Poor
2023-04-10,SUP01,S004,P024,Standard,7,7,0.0,0,165,7,True,Excellent
2023-02-08,SUP01,S002,P002,Standard,4,4,0.0,0,162,8,True,Excellent
2023-05-31,SUP01,S002,P024,Standard,7,5,-0.286,0,231,7,True,Poor
2023-09-13,SUP01,S004,P002,Standard,4,4,0.0,0,216,6,True,Good
2023-09-11,SUP01,S002,P024,Standard,7,6,-0.143,0,81,8,False,Fair
2023-02-02,SUP01,S002,P002,Standard,4,3,-0.25,2,162,7,True,Fair
2023-09-23,SUP09,S004,P003,Standard,11,12,0.091,0,137,8,False,Good
2023-06-22,SUP09,S001,P044,Standard,11,11,0.0,0,161,8,True,Fair
2023-09-13,SUP09,S006,P044,Standard,11,13,0.182,0,37,7,True,Good
2023-04-27,SUP09,S005,P032,Standard,3,2,-0.333,0,260,6,True,Poor
2023-10-03,SUP09,S001,P043,Standard,11,12,0.091,1,177,9,False,Fair
2023-09-08,SUP09,S006,P032,Standard,3,3,0.0,3,154,8,True,Good
2023-04-06,SUP09,S004,P043,Standard,11,8,-0.273,1,169,9,True,Good
2023-04-24,SUP09,S006,P043,Standard,11,7,-0.364,0,162,7,True,Fair
2023-01-24,SUP09,S004,P003,Standard,11,7,-0.364,0,23,6,True,Fair
2023-10-30,SUP09,S002,P043,Standard,11,11,0.0,0,235,6,True,Good
2023-10-25,SUP09,S002,P003,Standard,11,11,0.0,1,284,6,True,Fair
2023-07-28,SUP09,S005,P044,Standard,11,9,-0.182,0,234,9,True,Fair
2023-10-09,SUP09,S006,P003,Standard,11,10,-0.091,0,126,8,True,Good
2023-08-27,SUP09,S001,P003,Standard,11,9,-0.182,0,188,8,True,Fair
2023-05-31,SUP09,S006,P043,Standard,11,10,-0.091,3,40,7,True,Fair
2023-10-05,SUP09,S002,P044,Standard,11,8,-0.273,0,183,6,True,Fair
2023-07-30,SUP09,S006,P032,Standard,3,2,-0.333,0,203,9,True,Good
2023-05-17,SUP09,S002,P043,Standard,11,8,-0.273,0,97,9,True,Good
2023-11-25,SUP09,S003,P003,Standard,11,12,0.091,0,71,6,True,Poor
2023-12-14,SUP09,S005,P003,Standard,11,11,0.0,0,52,9,True,Good
2023-04-07,SUP09,S006,P032,Standard,3,3,0.0,0,186,6,True,Good
2023-11-09,SUP09,S003,P032,Standard,3,3,0.0,0,104,8,True,Fair
2023-11-30,SUP09,S001,P032,Standard,3,3,0.0,0,155,7,True,Good
2023-06-04,SUP09,S006,P044,Standard,11,8,-0.273,0,242,7,True,Good
2023-01-13,SUP09,S004,P003,Standard,11,8,-0.273,0,264,9,True,Fair
2023-05-02,SUP09,S002,P044,Standard,11,10,-0.091,0,291,9,True,Good
2023-06-10,SUP09,S004,P043,Standard,11,12,0.091,0,279,9,False,Good
2023-05-09,SUP09,S002,P032,Standard,3,2,-0.333,0,274,9,False,Good
2023-06-04,SUP09,S006,P044,Standard,11,12,0.091,3,160,6,True,Excellent
2023-09-10,SUP09,S001,P043,Standard,11,12,0.091,0,245,6,True,Fair
2023-07-23,SUP09,S006,P003,Standard,11,11,0.0,0,137,7,False,Excellent
2023-06-07,SUP09,S001,P032,Standard,3,3,0.0,0,219,8,True,Fair
2023-10-02,SUP09,S004,P043,Standard,11,10,-0.091,0,49,6,True,Good
2023-08-20,SUP09,S002,P044,Standard,11,11,0.0,0,117,8,True,Fair
2023-02-11,SUP09,S004,P003,Standard,11,8,-0.273,0,164,6,True,Good
2023-09-20,SUP09,S002,P044,Standard,11,11,0.0,0,105,9,True,Good
2023-01-05,SUP09,S002,P003,Standard,11,13,0.182,0,207,7,True,Excellent
2023-03-18,SUP09,S004,P003,Standard,11,13,0.182,0,221,9,True,Good
2023-09-21,SUP09,S006,P032,Standard,3,3,0.0,3,99,8,True,Fair
2023-01-15,SUP09,S006,P003,Standard,11,8,-0.273,0,183,6,True,Excellent
2023-08-13,SUP09,S002,P044,Standard,11,9,-0.182,0,195,8,True,Fair
2023-11-20,SUP09,S003,P043,Standard,11,10,-0.091,0,224,6,True,Fair
2023-01-23,SUP09,S006,P032,Standard,3,2,-0.333,0,50,6,True,Fair
2023-10-10,SUP09,S004,P032,Standard,3,2,-0.333,3,103,9,True,Excellent
2023-04-22,SUP09,S006,P032,Standard,3,2,-0.333,0,234,9,False,Good
2023-06-05,SUP09,S003,P043,Standard,11,10,-0.091,1,36,6,True,Good
2023-08-03,SUP09,S002,P032,Standard,3,2,-0.333,0,265,9,True,Fair
2023-07-17,SUP09,S006,P003,Standard,11,11,0.0,2,129,7,True,Good
2023-08-04,SUP09,S006,P044,Standard,11,11,0.0,0,173,8,True,Fair
2023-07-19,SUP09,S004,P044,Standard,11,7,-0.364,0,51,7,True,Excellent
2023-05-13,SUP09,S003,P044,Standard,11,12,0.091,0,200,6,False,Good
2023-01-18,SUP09,S004,P044,Standard,11,9,-0.182,0,257,9,True,Excellent
2023-11-02,SUP09,S001,P003,Standard,11,11,0.0,0,76,9,True,Poor
2023-01-18,SUP09,S005,P032,Standard,3,2,-0.333,0,90,8,True,Excellent
2023-09-14,SUP09,S005,P043,Standard,11,7,-0.364,0,42,8,True,Fair
2023-05-28,SUP09,S002,P044,Standard,11,10,-0.091,0,23,8,True,Poor
2023-07-27,SUP09,S006,P032,Standard,3,2,-0.333,0,99,6,True,Good
2023-03-15,SUP09,S002,P043,Standard,11,12,0.091,0,68,7,True,Good
2023-05-25,SUP09,S001,P044,Standard,11,10,-0.091,0,39,8,True,Excellent
2023-07-11,SUP09,S006,P032,Standard,3,3,0.0,3,99,6,True,Fair
2023-12-08,SUP09,S004,P044,Standard,11,10,-0.091,0,93,9,True,Fair
2023-04-26,SUP09,S001,P003,Standard,11,10,-0.091,2,87,8,True,Excellent
2023-09-07,SUP09,S001,P043,Standard,11,8,-0.273,0,293,6,False,Excellent
2023-08-05,SUP09,S005,P032,Standard,3,3,0.0,0,222,7,True,Poor
2023-10-17,SUP09,S001,P032,Standard,3,3,0.0,0,179,9,True,Good
2023-07-13,SUP09,S003,P043,Standard,11,11,0.0,0,228,6,True,Excellent
2023-09-14,SUP11,S006,P028,Premium,7,7,0.0,0,150,9,True,Poor
2023-11-14,SUP11,S002,P004,Premium,3,3,0.0,0,232,10,False,Fair
2023-12-17,SUP11,S006,P004,Premium,3,2,-0.333,0,69,9,True,Good
2023-11-13,SUP11,S002,P004,Premium,3,3,0.0,0,280,9,True,Good
2023-11-03,SUP11,S002,P028,Premium,7,7,0.0,0,85,9,True,Excellent
2023-05-09,SUP11,S006,P004,Premium,3,2,-0.333,0,232,9,True,Excellent
2023-11-25,SUP11,S003,P028,Premium,7,7,0.0,0,198,8,True,Good
2023-06-12,SUP11,S006,P028,Premium,7,6,-0.143,0,96,8,True,Excellent
2023-03-07,SUP11,S005,P028,Premium,7,6,-0.143,1,50,8,True,Poor
2023-03-04,SUP11,S006,P028,Premium,7,6,-0.143,0,207,9,True,Excellent
2023-09-23,SUP11,S006,P004,Premium,3,2,-0.333,0,50,10,True,Good
2023-10-22,SUP11,S004,P004,Premium,3,3,0.0,0,290,8,True,Poor
2023-09-01,SUP11,S003,P028,Premium,7,6,-0.143,0,160,8,True,Excellent
2023-04-10,SUP11,S001,P028,Premium,7,7,0.0,0,94,10,True,Good
2023-09-15,SUP11,S002,P028,Premium,7,7,0.0,0,285,8,True,Excellent
2023-08-04,SUP11,S005,P004,Premium,3,2,-0.333,0,126,9,True,Excellent
2023-06-29,SUP11,S001,P028,Premium,7,6,-0.143,0,150,8,False,Good
2023-02-26,SUP11,S002,P028,Premium,7,6,-0.143,1,290,8,True,Excellent
2023-09-07,SUP11,S001,P004,Premium,3,3,0.0,0,155,8,True,Good
2023-04-30,SUP11,S001,P004,Premium,3,3,0.0,0,295,8,True,Excellent
2023-08-06,SUP11,S003,P028,Premium,7,7,0.0,0,55,10,True,Good
2023-12-22,SUP11,S002,P004,Premium,3,3,0.0,0,190,9,True,Excellent
2023-10-31,SUP11,S001,P004,Premium,3,3,0.0,0,85,10,True,Fair
2023-07-28,SUP11,S006,P028,Premium,7,6,-0.143,0,78,9,True,Fair
2023-06-09,SUP11,S004,P004,Premium,3,3,0.0,0,235,8,False,Good
2023-11-07,SUP11,S005,P028,Premium,7,7,0.0,0,85,10,True,Poor
2023-05-06,SUP11,S004,P004,Premium,3,2,-0.333,0,70,8,True,Excellent
2023-10-21,SUP11,S005,P028,Premium,7,7,0.0,0,137,10,True,Excellent
2023-07-28,SUP11,S003,P028,Premium,7,6,-0.143,0,135,8,True,Excellent
2023-12-17,SUP11,S002,P028,Premium,7,6,-0.143,0,107,10,True,Good
2023-06-26,SUP11,S005,P004,Premium,3,3,0.0,0,166,10,True,Poor
2023-09-26,SUP11,S004,P028,Premium,7,7,0.0,0,212,8,True,Good
2023-05-15,SUP11,S004,P004,Premium,3,2,-0.333,0,153,8,True,Excellent
2023-06-14,SUP11,S002,P028,Premium,7,6,-0.143,0,199,9,True,Excellent
2023-01-24,SUP11,S005,P028,Premium,7,7,0.0,0,147,9,True,Good
2023-09-09,SUP11,S002,P004,Premium,3,3,0.0,0,115,8,True,Good
2023-09-26,SUP11,S004,P028,Premium,7,6,-0.143,0,90,9,True,Excellent
2023-09-30,SUP11,S004,P028,Premium,7,6,-0.143,0,40,8,True,Good
2023-06-01,SUP11,S004,P004,Premium,3,2,-0.333,0,247,8,False,Excellent
2023-06-26,SUP11,S003,P028,Premium,7,7,0.0,0,198,8,True,Fair
2023-02-11,SUP11,S005,P028,Premium,7,7,0.0,0,150,8,True,Excellent
2023-03-08,SUP11,S003,P028,Premium,7,6,-0.143,0,165,8,True,Excellent
2023-09-13,SUP11,S003,P028,Premium,7,6,-0.143,0,275,9,True,Good
2023-09-02,SUP11,S005,P004,Premium,3,2,-0.333,0,251,10,True,Excellent
2023-09-22,SUP11,S006,P004,Premium,3,2,-0.333,0,131,10,True,Fair
2023-05-11,SUP11,S001,P028,Premium,7,7,0.0,0,47,9,True,Excellent
2023-04-29,SUP11,S006,P004,Premium,3,2,-0.333,0,22,9,True,Excellent
2023-06-11,SUP11,S004,P028,Premium,7,7,0.0,0,208,9,True,Excellent
2023-06-05,SUP11,S004,P004,Premium,3,2,-0.333,0,207,8,True,Excellent
2023-11-23,SUP11,S006,P028,Premium,7,6,-0.143,0,155,8,True,Excellent
2023-11-06,SUP11,S001,P028,Premium,7,6,-0.143,0,183,9,True,Excellent
2023-12-10,SUP11,S004,P028,Premium,7,7,0.0,0,192,8,True,Excellent
2023-01-15,SUP11,S006,P028,Premium,7,6,-0.143,0,134,8,True,Good
2023-07-06,SUP11,S003,P028,Premium,7,7,0.0,1,239,10,True,Excellent
2023-06-20,SUP11,S003,P028,Premium,7,7,0.0,0,153,9,True,Good
2023-05-28,SUP11,S005,P004,Premium,3,2,-0.333,0,186,9,True,Excellent
2023-03-21,SUP11,S006,P028,Premium,7,6,-0.143,0,213,10,True,Excellent
2023-11-14,SUP11,S004,P004,Premium,3,3,0.0,0,117,10,True,Excellent
2023-05-30,SUP11,S002,P028,Premium,7,6,-0.143,0,193,9,False,Excellent
2023-11-22,SUP11,S005,P004,Premium,3,2,-0.333,0,137,9,True,Good
2023-12-23,SUP11,S001,P004,Premium,3,3,0.0,0,211,9,True,Excellent
2023-12-05,SUP11,S002,P004,Premium,3,2,-0.333,0,215,9,True,Good
2023-04-13,SUP11,S006,P028,Premium,7,6,-0.143,0,221,8,True,Good
2023-04-05,SUP11,S003,P028,Premium,7,7,0.0,0,116,10,True,Excellent
2023-11-27,SUP11,S001,P004,Premium,3,2,-0.333,0,242,10,True,Excellent
2023-03-24,SUP11,S001,P028,Premium,7,6,-0.143,0,146,9,True,Good
2023-02-18,SUP11,S006,P004,Premium,3,2,-0.333,0,141,10,True,Excellent
2023-07-26,SUP11,S002,P028,Premium,7,7,0.0,0,89,10,True,Fair
2023-02-02,SUP11,S004,P004,Premium,3,2,-0.333,0,221,10,True,Excellent
2023-06-18,SUP02,S006,P025,Standard,10,9,-0.1,0,227,8,True,Good
2023-07-14,SUP02,S002,P005,Standard,4,3,-0.25,0,149,8,True,Good
2023-07-09,SUP02,S003,P010,Standard,5,3,-0.4,0,194,9,True,Good
2023-12-06,SUP02,S001,P005,Standard,4,2,-0.5,0,255,7,False,Good
2023-02-05,SUP02,S002,P010,Standard,5,5,0.0,0,183,8,True,Good
2023-04-27,SUP02,S002,P036,Standard,6,6,0.0,0,84,9,False,Poor
2023-11-11,SUP02,S003,P010,Standard,5,5,0.0,0,291,6,True,Good
2023-03-08,SUP02,S005,P005,Standard,4,3,-0.25,1,69,6,False,Excellent
2023-04-14,SUP02,S005,P010,Standard,5,3,-0.4,0,208,7,True,Excellent
2023-11-05,SUP02,S003,P025,Standard,10,8,-0.2,0,195,8,True,Good
2023-01-02,SUP02,S002,P005,Standard,4,3,-0.25,0,198,8,True,Good
2023-10-20,SUP02,S002,P005,Standard,4,4,0.0,0,239,8,False,Poor
2023-01-08,SUP02,S006,P010,Standard,5,3,-0.4,0,147,8,True,Good
2023-06-10,SUP02,S005,P005,Standard,4,3,-0.25,0,103,6,True,Good
2023-03-27,SUP02,S001,P010,Standard,5,3,-0.4,3,216,6,True,Good
2023-11-27,SUP02,S005,P010,Standard,5,3,-0.4,0,284,9,True,Fair
2023-02-03,SUP02,S001,P036,Standard,6,6,0.0,0,24,9,False,Fair
2023-08-15,SUP02,S003,P036,Standard,6,6,0.0,0,291,6,True,Poor
2023-02-25,SUP02,S003,P010,Standard,5,5,0.0,0,213,8,True,Fair
2023-01-01,SUP02,S002,P025,Standard,10,10,0.0,0,224,9,True,Good
2023-05-26,SUP02,S006,P036,Standard,6,6,0.0,0,212,8,True,Excellent
2023-04-15,SUP02,S001,P025,Standard,10,9,-0.1,0,110,9,False,Good
2023-01-23,SUP02,S004,P010,Standard,5,3,-0.4,0,225,6,True,Fair
2023-03-21,SUP02,S001,P025,Standard,10,11,0.1,0,232,6,True,Fair
2023-07-30,SUP02,S003,P036,Standard,6,5,-0.167,0,152,9,True,Good
2023-08-25,SUP02,S003,P005,Standard,4,4,0.0,2,189,7,True,Excellent
2023-09-01,SUP02,S001,P025,Standard,10,7,-0.3,0,231,8,True,Fair
2023-06-08,SUP02,S002,P025,Standard,10,9,-0.1,0,123,6,True,Good
2023-07-13,SUP02,S006,P010,Standard,5,3,-0.4,1,70,6,True,Excellent
2023-05-07,SUP02,S006,P036,Standard,6,6,0.0,0,68,8,True,Good
2023-08-02,SUP02,S004,P010,Standard,5,5,0.0,0,107,7,True,Fair
2023-02-20,SUP02,S006,P005,Standard,4,4,0.0,3,134,7,True,Fair
2023-11-27,SUP02,S004,P005,Standard,4,2,-0.5,0,169,8,True,Poor
2023-10-17,SUP02,S004,P025,Standard,10,11,0.1,0,227,8,True,Excellent
2023-03-02,SUP02,S002,P005,Standard,4,4,0.0,0,265,9,True,Excellent
2023-01-06,SUP02,S002,P005,Standard,4,2,-0.5,0,185,7,True,Good
2023-07-06,SUP02,S001,P010,Standard,5,5,0.0,0,35,6,True,Fair
2023-01-24,SUP02,S001,P005,Standard,4,4,0.0,0,268,8,False,Good
2023-07-05,SUP02,S006,P010,Standard,5,3,-0.4,0,76,7,True,Poor
2023-12-16,SUP02,S006,P025,Standard,10,11,0.1,0,160,8,True,Fair
2023-07-01,SUP02,S006,P010,Standard,5,5,0.0,0,138,7,True,Good
2023-11-07,SUP02,S003,P036,Standard,6,5,-0.167,0,160,8,False,Good
2023-11-24,SUP02,S004,P025,Standard,10,7,-0.3,0,134,8,True,Good
2023-05-02,SUP02,S002,P010,Standard,5,4,-0.2,0,137,8,True,Good
2023-05-13,SUP02,S004,P036,Standard,6,5,-0.167,0,177,7,True,Fair
2023-08-18,SUP02,S002,P005,Standard,4,3,-0.25,0,169,9,True,Excellent
2023-07-01,SUP02,S004,P010,Standard,5,5,0.0,3,49,7,True,Good
2023-12-20,SUP02,S006,P036,Standard,6,5,-0.167,0,100,6,False,Fair
2023-02-10,SUP02,S004,P036,Standard,6,6,0.0,0,248,7,True,Good
2023-06-28,SUP02,S003,P010,Standard,5,5,0.0,0,250,9,True,Fair
2023-09-24,SUP02,S006,P025,Standard,10,7,-0.3,0,174,6,True,Fair
2023-02-02,SUP02,S006,P025,Standard,10,8,-0.2,0,99,6,True,Fair
2023-07-23,SUP02,S002,P010,Standard,5,4,-0.2,0,236,8,True,Poor
2023-04-26,SUP02,S006,P025,Standard,10,8,-0.2,0,77,6,False,Fair
2023-09-27,SUP02,S002,P010,Standard,5,4,-0.2,0,76,8,True,Good
2023-08-21,SUP02,S002,P036,Standard,6,6,0.0,2,90,6,True,Good
2023-10-21,SUP02,S002,P010,Standard,5,5,0.0,2,35,8,True,Good
2023-10-11,SUP02,S003,P036,Standard,6,6,0.0,0,24,7,False,Fair
2023-08-12,SUP02,S004,P010,Standard,5,3,-0.4,0,21,7,True,Fair
2023-07-09,SUP02,S001,P010,Standard,5,4,-0.2,0,233,6,True,Fair
2023-05-26,SUP02,S003,P025,Standard,10,10,0.0,0,262,8,False,Good
2023-09-03,SUP02,S003,P025,Standard,10,7,-0.3,0,131,9,True,Excellent
2023-12-06,SUP02,S005,P025,Standard,10,9,-0.1,0,72,8,True,Good
2023-08-17,SUP02,S002,P010,Standard,5,5,0.0,0,120,9,True,Poor
2023-05-14,SUP20,S004,P022,Standard,10,7,-0.3,0,55,6,True,Good
2023-12-04,SUP20,S005,P022,Standard,10,9,-0.1,0,121,9,True,Fair
2023-04-04,SUP20,S006,P006,Standard,14,14,0.0,0,267,7,False,Excellent
2023-03-16,SUP20,S001,P006,Standard,14,14,0.0,0,70,7,False,Good
2023-09-14,SUP20,S001,P006,Standard,14,12,-0.143,0,173,7,True,Fair
2023-04-17,SUP20,S002,P006,Standard,14,9,-0.357,0,246,6,True,Fair
2023-12-19,SUP20,S004,P006,Standard,14,14,0.0,0,182,9,True,Fair
2023-10-26,SUP20,S002,P015,Standard,2,1,-0.5,2,161,8,True,Fair
2023-02-05,SUP20,S003,P006,Standard,14,16,0.143,0,184,6,True,Good
2023-11-20,SUP20,S003,P022,Standard,10,10,0.0,0,262,6,True,Fair
2023-01-27,SUP20,S002,P022,Standard,10,7,-0.3,2,156,7,True,Excellent
2023-04-05,SUP20,S006,P022,Standard,10,11,0.1,0,239,8,True,Poor
2023-04-23,SUP20,S006,P015,Standard,2,1,-0.5,0,290,8,True,Fair
2023-11-29,SUP20,S004,P015,Standard,2,1,-0.5,2,46,9,True,Good
2023-09-29,SUP20,S006,P015,Standard,2,1,-0.5,0,183,7,True,Good
2023-06-15,SUP20,S005,P015,Standard,2,1,-0.5,0,158,6,True,Fair
2023-09-18,SUP20,S004,P006,Standard,14,12,-0.143,0,191,6,False,Poor
2023-08-27,SUP20,S005,P015,Standard,2,1,-0.5,2,257,9,False,Fair
2023-06-11,SUP20,S002,P006,Standard,14,16,0.143,0,85,7,True,Good
2023-03-15,SUP20,S004,P006,Standard,14,12,-0.143,1,208,7,True,Good
2023-09-11,SUP20,S003,P006,Standard,14,9,-0.357,0,167,6,True,Good
2023-07-04,SUP20,S003,P006,Standard,14,11,-0.214,0,249,6,True,Poor
2023-05-04,SUP20,S006,P015,Standard,2,2,0.0,0,32,9,True,Good
2023-02-04,SUP20,S004,P015,Standard,2,2,0.0,0,112,8,True,Fair
2023-09-04,SUP20,S006,P006,Standard,14,14,0.0,0,166,8,True,Good
2023-08-28,SUP20,S002,P022,Standard,10,11,0.1,1,233,9,True,Excellent
2023-01-16,SUP20,S001,P022,Standard,10,11,0.1,0,129,9,True,Excellent
2023-07-09,SUP20,S001,P006,Standard,14,12,-0.143,0,194,9,True,Good
2023-12-03,SUP20,S001,P022,Standard,10,7,-0.3,0,159,7,True,Excellent
2023-08-14,SUP20,S001,P022,Standard,10,7,-0.3,0,83,6,True,Excellent
2023-08-12,SUP20,S006,P015,Standard,2,2,0.0,0,299,8,True,Fair
2023-03-16,SUP20,S006,P022,Standard,10,10,0.0,0,173,6,True,Good
2023-01-31,SUP20,S002,P006,Standard,14,13,-0.071,0,98,6,True,Excellent
2023-03-26,SUP20,S005,P022,Standard,10,9,-0.1,0,149,7,True,Good
2023-01-06,SUP20,S002,P022,Standard,10,11,0.1,0,216,7,True,Good
2023-05-10,SUP20,S002,P022,Standard,10,7,-0.3,1,196,8,True,Poor
2023-05-28,SUP20,S005,P022,Standard,10,11,0.1,0,218,7,True,Good
2023-03-04,SUP20,S003,P022,Standard,10,7,-0.3,0,20,9,False,Good
2023-12-10,SUP20,S001,P022,Standard,10,11,0.1,0,247,8,True,Poor
2023-08-21,SUP20,S003,P006,Standard,14,13,-0.071,0,53,9,True,Good
2023-10-04,SUP20,S004,P015,Standard,2,1,-0.5,0,270,6,True,Excellent
2023-05-15,SUP20,S001,P015,Standard,2,1,-0.5,0,38,9,True,Fair
2023-07-04,SUP20,S001,P015,Standard,2,2,0.0,0,32,6,True,Excellent
2023-09-17,SUP20,S001,P015,Standard,2,1,-0.5,3,135,9,True,Fair
2023-03-03,SUP20,S003,P006,Standard,14,16,0.143,0,207,6,False,Fair
2023-04-18,SUP20,S001,P015,Standard,2,2,0.0,3,157,9,True,Excellent
2023-03-14,SUP20,S003,P015,Standard,2,2,0.0,0,274,6,True,Good
2023-10-13,SUP20,S003,P022,Standard,10,11,0.1,1,37,7,True,Excellent
2023-09-04,SUP20,S006,P022,Standard,10,7,-0.3,0,133,7,True,Good
2023-08-05,SUP20,S006,P022,Standard,10,11,0.1,3,223,7,True,Good
2023-03-17,SUP20,S001,P015,Standard,2,1,-0.5,1,295,7,True,Excellent
2023-04-04,SUP20,S002,P022,Standard,10,7,-0.3,0,219,7,True,Good
2023-09-11,SUP20,S004,P022,Standard,10,7,-0.3,0,278,8,True,Fair
2023-11-20,SUP20,S002,P022,Standard,10,9,-0.1,0,252,7,True,Fair
2023-12-21,SUP20,S004,P022,Standard,10,7,-0.3,0,164,6,False,Fair
2023-01-11,SUP20,S004,P015,Standard,2,2,0.0,0,284,9,True,Poor
2023-03-31,SUP20,S005,P006,Standard,14,11,-0.214,1,31,7,True,Fair
2023-01-22,SUP20,S002,P022,Standard,10,7,-0.3,0,46,9,True,Fair
2023-05-24,SUP20,S005,P006,Standard,14,11,-0.214,0,41,7,True,Good
2023-07-13,SUP20,S006,P015,Standard,2,1,-0.5,0,258,8,True,Excellent
2023-10-05,SUP20,S003,P022,Standard,10,10,0.0,0,224,8,True,Excellent
2023-09-16,SUP20,S003,P015,Standard,2,1,-0.5,0,280,8,True,Good
2023-05-06,SUP20,S006,P022,Standard,10,9,-0.1,0,201,6,True,Good
2023-11-15,SUP03,S005,P038,Standard,7,6,-0.143,0,218,8,True,Good
2023-04-21,SUP03,S006,P021,Standard,5,5,0.0,0,23,8,True,Fair
2023-11-05,SUP03,S006,P035,Standard,5,5,0.0,0,265,7,True,Good
2023-02-03,SUP03,S002,P021,Standard,5,4,-0.2,0,266,8,True,Good
2023-02-20,SUP03,S003,P021,Standard,5,5,0.0,0,238,8,True,Excellent
2023-12-03,SUP03,S005,P007,Standard,8,8,0.0,0,132,6,True,Good
2023-03-07,SUP03,S005,P007,Standard,8,6,-0.25,0,53,9,True,Fair
2023-01-26,SUP03,S005,P035,Standard,5,4,-0.2,0,250,8,True,Good
2023-06-21,SUP03,S004,P035,Standard,5,5,0.0,0,230,9,False,Good
2023-12-22,SUP03,S001,P021,Standard,5,4,-0.2,0,127,8,True,Good
2023-02-18,SUP03,S006,P021,Standard,5,5,0.0,0,140,9,True,Excellent
2023-10-14,SUP03,S006,P038,Standard,7,7,0.0,0,163,9,True,Poor
2023-11-11,SUP03,S006,P035,Standard,5,4,-0.2,0,35,8,False,Good
2023-04-12,SUP03,S001,P035,Standard,5,5,0.0,0,83,9,True,Good
2023-03-27,SUP03,S005,P007,Standard,8,8,0.0,0,252,6,True,Fair
2023-08-03,SUP03,S003,P021,Standard,5,4,-0.2,3,57,7,True,Poor
2023-09-18,SUP03,S004,P035,Standard,5,5,0.0,0,278,9,True,Good
2023-08-01,SUP03,S006,P021,Standard,5,5,0.0,0,160,8,True,Fair
2023-02-23,SUP03,S006,P007,Standard,8,7,-0.125,2,139,8,True,Excellent
2023-12-01,SUP03,S001,P021,Standard,5,4,-0.2,0,47,7,True,Excellent
2023-07-13,SUP03,S002,P035,Standard,5,3,-0.4,0,189,8,True,Good
2023-03-26,SUP03,S004,P038,Standard,7,5,-0.286,0,100,9,True,Fair
2023-03-28,SUP03,S002,P035,Standard,5,5,0.0,0,269,8,True,Good
2023-02-23,SUP03,S001,P007,Standard,8,5,-0.375,0,124,9,True,Fair
2023-07-05,SUP03,S003,P007,Standard,8,9,0.125,0,257,9,True,Good
2023-08-25,SUP03,S003,P035,Standard,5,4,-0.2,0,106,6,True,Good
2023-12-16,SUP03,S001,P038,Standard,7,8,0.143,0,26,7,True,Fair
2023-02-22,SUP03,S002,P038,Standard,7,8,0.143,0,122,7,True,Fair
2023-03-15,SUP03,S002,P035,Standard,5,5,0.0,0,178,8,True,Good
2023-03-19,SUP03,S001,P021,Standard,5,3,-0.4,0,148,8,True,Good
2023-06-24,SUP03,S005,P038,Standard,7,5,-0.286,0,223,9,False,Good
2023-04-05,SUP03,S005,P035,Standard,5,5,0.0,0,30,7,True,Poor
2023-02-25,SUP03,S002,P038,Standard,7,7,0.0,0,273,6,True,Fair
2023-02-22,SUP03,S002,P038,Standard,7,5,-0.286,0,83,9,True,Good
2023-12-14,SUP03,S006,P007,Standard,8,6,-0.25,0,147,8,True,Good
2023-03-07,SUP03,S004,P021,Standard,5,5,0.0,0,219,7,False,Good
2023-01-28,SUP03,S001,P021,Standard,5,4,-0.2,3,130,9,True,Fair
2023-10-09,SUP03,S002,P038,Standard,7,5,-0.286,0,139,8,True,Fair
2023-04-07,SUP03,S006,P007,Standard,8,6,-0.25,0,129,6,True,Excellent
2023-09-16,SUP03,S001,P007,Standard,8,7,-0.125,0,70,7,True,Good
2023-09-05,SUP03,S003,P007,Standard,8,9,0.125,2,151,8,False,Excellent
2023-07-15,SUP03,S001,P038,Standard,7,8,0.143,0,224,9,True,Excellent
2023-08-23,SUP03,S002,P007,Standard,8,6,-0.25,0,52,6,True,Poor
2023-04-16,SUP03,S004,P035,Standard,5,5,0.0,0,92,9,True,Fair
2023-02-16,SUP03,S003,P038,Standard,7,5,-0.286,0,138,8,False,Fair
2023-12-28,SUP03,S003,P035,Standard,5,4,-0.2,0,148,6,True,Fair
2023-12-27,SUP03,S005,P007,Standard,8,7,-0.125,0,251,9,False,Excellent
2023-01-26,SUP03,S002,P038,Standard,7,6,-0.143,0,70,6,True,Excellent
2023-03-01,SUP12,S002,P008,Budget,6,6,0.0,0,218,6,True,Fair
2023-12-26,SUP12,S005,P008,Budget,6,7,0.167,1,155,5,True,Good
2023-02-17,SUP12,S004,P008,Budget,6,4,-0.333,0,238,5,True,Fair
2023-11-11,SUP12,S003,P008,Budget,6,6,0.0,0,276,6,True,Excellent
2023-07-08,SUP12,S004,P008,Budget,6,5,-0.167,0,141,6,True,Good
2023-12-07,SUP12,S002,P008,Budget,6,6,0.0,1,245,6,True,Poor
2023-04-17,SUP12,S005,P008,Budget,6,6,0.0,0,264,4,True,Excellent
2023-11-20,SUP12,S005,P008,Budget,6,5,-0.167,0,38,5,True,Good
2023-06-05,SUP12,S001,P008,Budget,6,4,-0.333,0,124,5,True,Good
2023-08-19,SUP12,S004,P008,Budget,6,6,0.0,0,155,4,True,Fair
2023-02-06,SUP12,S002,P008,Budget,6,5,-0.167,6,221,4,True,Fair
2023-06-12,SUP12,S006,P008,Budget,6,4,-0.333,5,205,4,False,Poor
2023-12-17,SUP12,S004,P008,Budget,6,4,-0.333,0,290,7,True,Fair
2023-06-15,SUP12,S004,P008,Budget,6,6,0.0,0,276,4,True,Fair
2023-08-24,SUP12,S006,P008,Budget,6,3,-0.5,1,259,7,True,Poor
2023-10-19,SUP12,S003,P008,Budget,6,3,-0.5,0,170,5,True,Fair
2023-08-06,SUP12,S001,P008,Budget,6,4,-0.333,4,189,5,True,Poor
2023-08-22,SUP12,S006,P008,Budget,6,3,-0.5,0,216,4,True,Poor
2023-01-18,SUP12,S006,P008,Budget,6,5,-0.167,0,76,7,True,Fair
2023-06-14,SUP12,S005,P008,Budget,6,6,0.0,0,58,4,True,Good
2023-03-05,SUP12,S003,P008,Budget,6,6,0.0,0,100,6,True,Fair
2023-12-25,SUP12,S002,P008,Budget,6,7,0.167,5,118,5,True,Good
2023-05-27,SUP12,S006,P008,Budget,6,4,-0.333,0,159,7,False,Excellent
2023-12-10,SUP12,S003,P008,Budget,6,6,0.0,3,60,7,False,Fair
2023-11-01,SUP12,S004,P008,Budget,6,6,0.0,0,60,5,True,Poor
2023-07-15,SUP12,S003,P008,Budget,6,3,-0.5,0,164,6,False,Fair
2023-03-31,SUP12,S002,P008,Budget,6,7,0.167,4,30,4,True,Good
2023-10-08,SUP12,S005,P008,Budget,6,6,0.0,0,249,4,True,Fair
2023-08-26,SUP12,S002,P008,Budget,6,7,0.167,0,42,5,False,Fair
2023-08-01,SUP12,S006,P008,Budget,6,5,-0.167,3,209,6,True,Excellent
2023-02-19,SUP12,S004,P008,Budget,6,5,-0.167,3,69,4,True,Poor
2023-04-01,SUP12,S002,P008,Budget,6,4,-0.333,0,136,6,True,Fair
2023-11-24,SUP12,S001,P008,Budget,6,6,0.0,0,28,6,True,Fair
2023-12-21,SUP12,S001,P008,Budget,6,7,0.167,0,199,4,True,Good
2023-10-16,SUP12,S003,P008,Budget,6,6,0.0,0,172,6,True,Poor
2023-09-29,SUP06,S006,P040,Standard,7,5,-0.286,0,149,6,True,Excellent
2023-03-28,SUP06,S003,P009,Standard,6,4,-0.333,0,105,8,False,Good
2023-05-06,SUP06,S002,P040,Standard,7,5,-0.286,1,156,6,False,Fair
2023-08-06,SUP06,S002,P040,Standard,7,7,0.0,1,52,9,True,Good
2023-12-27,SUP06,S004,P009,Standard,6,6,0.0,0,294,8,True,Good
2023-07-05,SUP06,S003,P009,Standard,6,6,0.0,0,299,6,True,Fair
2023-10-09,SUP06,S002,P009,Standard,6,4,-0.333,0,190,8,True,Fair
2023-05-30,SUP06,S006,P009,Standard,6,6,0.0,0,261,6,True,Fair
2023-09-22,SUP06,S006,P040,Standard,7,6,-0.143,0,170,9,True,Good
2023-02-16,SUP06,S003,P009,Standard,6,5,-0.167,0,135,6,True,Good
2023-02-12,SUP06,S002,P040,Standard,7,7,0.0,0,289,6,True,Good
2023-01-19,SUP06,S004,P040,Standard,7,6,-0.143,0,225,9,True,Fair
2023-06-28,SUP06,S002,P009,Standard,6,6,0.0,0,274,7,True,Good
2023-12-12,SUP06,S003,P040,Standard,7,5,-0.286,0,89,8,True,Good
2023-09-03,SUP06,S004,P040,Standard,7,5,-0.286,0,140,9,True,Excellent
2023-05-17,SUP06,S004,P040,Standard,7,6,-0.143,2,199,7,True,Fair
2023-07-17,SUP06,S005,P040,Standard,7,7,0.0,0,257,9,True,Fair
2023-12-24,SUP06,S005,P009,Standard,6,5,-0.167,0,156,7,True,Good
2023-04-03,SUP06,S003,P009,Standard,6,6,0.0,0,49,6,True,Good
2023-01-19,SUP06,S003,P009,Standard,6,6,0.0,0,257,8,True,Poor
2023-03-30,SUP06,S005,P009,Standard,6,5,-0.167,0,108,9,True,Good
2023-08-10,SUP06,S006,P040,Standard,7,6,-0.143,0,43,6,True,Excellent
2023-01-09,SUP06,S003,P040,Standard,7,7,0.0,0,112,8,True,Good
2023-06-14,SUP06,S005,P009,Standard,6,6,0.0,0,215,6,True,Fair
2023-03-31,SUP06,S005,P009,Standard,6,4,-0.333,1,88,6,True,Poor
2023-12-23,SUP06,S006,P009,Standard,6,6,0.0,0,44,7,True,Excellent
2023-03-14,SUP06,S001,P040,Standard,7,5,-0.286,0,143,9,True,Good
2023-12-30,SUP06,S006,P009,Standard,6,6,0.0,0,31,9,True,Good
2023-04-22,SUP06,S002,P009,Standard,6,6,0.0,0,194,9,True,Good
2023-05-18,SUP06,S005,P009,Standard,6,4,-0.333,0,44,9,False,Excellent
2023-07-15,SUP06,S003,P040,Standard,7,5,-0.286,0,175,9,True,Poor
2023-07-30,SUP06,S003,P040,Standard,7,5,-0.286,0,60,9,True,Good
2023-09-23,SUP06,S001,P040,Standard,7,5,-0.286,0,179,8,True,Good
2023-09-10,SUP06,S002,P040,Standard,7,7,0.0,0,98,6,True,Good
2023-09-30,SUP06,S004,P040,Standard,7,5,-0.286,0,65,9,True,Fair
2023-07-26,SUP06,S001,P040,Standard,7,5,-0.286,0,111,7,True,Good
2023-04-14,SUP06,S005,P040,Standard,7,8,0.143,0,148,7,True,Poor
2023-12-13,SUP06,S006,P040,Standard,7,7,0.0,0,243,8,False,Excellent
2023-08-18,SUP06,S001,P009,Standard,6,6,0.0,0,33,9,True,Poor
2023-11-13,SUP06,S004,P009,Standard,6,4,-0.333,0,184,7,True,Fair
2023-11-07,SUP06,S005,P040,Standard,7,5,-0.286,0,279,7,True,Excellent
2023-06-13,SUP06,S001,P040,Standard,7,5,-0.286,0,225,9,True,Poor
2023-08-13,SUP06,S002,P009,Standard,6,6,0.0,0,40,7,True,Excellent
2023-11-05,SUP06,S002,P040,Standard,7,7,0.0,0,115,7,True,Good
2023-11-09,SUP06,S004,P040,Standard,7,7,0.0,0,190,9,True,Good
2023-02-17,SUP06,S001,P040,Standard,7,5,-0.286,1,209,6,False,Good
2023-07-05,SUP06,S005,P009,Standard,6,4,-0.333,0,27,9,True,Poor
2023-04-09,SUP06,S001,P009,Standard,6,6,0.0,0,92,8,True,Fair
2023-08-22,SUP06,S005,P009,Standard,6,4,-0.333,0,166,8,True,Good
2023-06-27,SUP06,S002,P009,Standard,6,4,-0.333,0,33,9,False,Fair
2023-02-25,SUP06,S006,P009,Standard,6,5,-0.167,1,298,8,True,Fair
2023-03-11,SUP06,S004,P040,Standard,7,5,-0.286,0,137,7,False,Good
2023-07-15,SUP19,S004,P026,Premium,7,7,0.0,0,184,10,True,Good
2023-07-01,SUP19,S004,P011,Premium,2,1,-0.5,0,133,10,True,Excellent
2023-11-12,SUP19,S002,P026,Premium,7,7,0.0,0,122,9,False,Good
2023-07-14,SUP19,S001,P034,Premium,3,3,0.0,0,281,9,False,Excellent
2023-06-13,SUP19,S003,P011,Premium,2,1,-0.5,0,247,9,True,Good
2023-08-11,SUP19,S001,P034,Premium,3,2,-0.333,0,54,8,True,Excellent
2023-07-17,SUP19,S005,P026,Premium,7,7,0.0,0,58,9,True,Good
2023-11-24,SUP19,S005,P034,Premium,3,2,-0.333,0,98,9,True,Excellent
2023-01-17,SUP19,S001,P034,Premium,3,2,-0.333,0,293,10,True,Excellent
2023-10-04,SUP19,S003,P026,Premium,7,7,0.0,0,84,8,True,Excellent
2023-11-24,SUP19,S004,P026,Premium,7,7,0.0,0,187,10,True,Good
2023-10-17,SUP19,S001,P011,Premium,2,1,-0.5,0,287,10,True,Excellent
2023-01-26,SUP19,S003,P011,Premium,2,2,0.0,0,160,8,True,Fair
2023-12-09,SUP19,S005,P026,Premium,7,6,-0.143,0,149,8,True,Excellent
2023-10-28,SUP19,S004,P034,Premium,3,3,0.0,0,292,9,True,Good
2023-07-18,SUP19,S005,P011,Premium,2,2,0.0,0,66,10,True,Excellent
2023-09-09,SUP19,S001,P011,Premium,2,1,-0.5,0,248,10,True,Excellent
2023-12-16,SUP19,S002,P011,Premium,2,1,-0.5,0,251,9,True,Poor
2023-12-14,SUP19,S006,P026,Premium,7,6,-0.143,0,271,10,True,Excellent
2023-03-28,SUP19,S002,P034,Premium,3,2,-0.333,0,209,9,True,Excellent
2023-02-28,SUP19,S001,P026,Premium,7,6,-0.143,0,102,10,True,Fair
2023-12-25,SUP19,S005,P026,Premium,7,7,0.0,0,65,10,True,Fair
2023-02-19,SUP19,S004,P026,Premium,7,6,-0.143,0,166,8,True,Fair
2023-04-01,SUP19,S005,P026,Premium,7,7,0.0,0,227,9,True,Excellent
2023-08-03,SUP19,S002,P011,Premium,2,1,-0.5,0,168,8,True,Fair
2023-05-24,SUP19,S003,P034,Premium,3,3,0.0,0,34,10,True,Excellent
2023-02-15,SUP19,S004,P026,Premium,7,6,-0.143,0,114,9,True,Excellent
2023-01-11,SUP19,S002,P011,Premium,2,1,-0.5,0,158,10,True,Fair
2023-12-20,SUP19,S006,P034,Premium,3,2,-0.333,0,213,8,True,Good
2023-03-09,SUP19,S003,P026,Premium,7,7,0.0,0,180,10,True,Fair
2023-04-29,SUP19,S006,P011,Premium,2,2,0.0,1,244,8,True,Fair
2023-05-04,SUP19,S001,P026,Premium,7,7,0.0,0,79,8,True,Good
2023-04-30,SUP19,S001,P026,Premium,7,7,0.0,0,65,10,True,Good
2023-07-04,SUP19,S005,P034,Premium,3,3,0.0,0,26,9,True,Excellent
2023-05-23,SUP19,S006,P011,Premium,2,2,0.0,0,155,8,True,Excellent
2023-12-16,SUP19,S004,P034,Premium,3,2,-0.333,0,233,10,True,Excellent
2023-11-24,SUP19,S002,P026,Premium,7,7,0.0,0,223,10,True,Good
2023-06-02,SUP19,S005,P026,Premium,7,6,-0.143,0,290,9,False,Good
2023-12-23,SUP19,S003,P026,Premium,7,7,0.0,0,50,8,True,Excellent
2023-03-25,SUP19,S006,P034,Premium,3,2,-0.333,0,123,8,True,Excellent
2023-10-28,SUP19,S004,P011,Premium,2,2,0.0,0,160,9,True,Fair
2023-01-12,SUP19,S003,P034,Premium,3,3,0.0,0,34,10,False,Fair
2023-04-06,SUP19,S004,P011,Premium,2,2,0.0,0,49,10,True,Excellent
2023-01-15,SUP19,S006,P034,Premium,3,2,-0.333,0,184,9,True,Fair
2023-04-07,SUP19,S003,P034,Premium,3,3,0.0,0,70,9,True,Good
2023-08-06,SUP19,S004,P026,Premium,7,7,0.0,0,286,9,False,Good
2023-01-26,SUP19,S004,P034,Premium,3,3,0.0,0,177,8,True,Good
2023-04-28,SUP19,S001,P026,Premium,7,7,0.0,0,126,10,True,Excellent
2023-04-20,SUP19,S006,P026,Premium,7,7,0.0,0,103,10,True,Excellent
2023-10-10,SUP19,S003,P011,Premium,2,2,0.0,0,124,9,True,Excellent
2023-11-05,SUP19,S006,P034,Premium,3,3,0.0,0,38,10,True,Excellent
2023-09-03,SUP19,S004,P026,Premium,7,7,0.0,0,63,8,True,Excellent
2023-08-28,SUP19,S005,P026,Premium,7,6,-0.143,0,187,8,True,Fair
2023-05-05,SUP19,S004,P034,Premium,3,2,-0.333,0,191,8,True,Excellent
2023-11-01,SUP19,S001,P026,Premium,7,7,0.0,0,193,8,True,Excellent
2023-08-22,SUP19,S004,P011,Premium,2,2,0.0,0,210,8,True,Good
2023-11-01,SUP19,S003,P011,Premium,2,2,0.0,0,71,9,True,Excellent
2023-06-11,SUP19,S001,P011,Premium,2,2,0.0,0,88,9,True,Fair
2023-06-28,SUP19,S004,P026,Premium,7,6,-0.143,0,227,9,True,Good
2023-03-02,SUP19,S005,P011,Premium,2,1,-0.5,0,260,8,True,Excellent
2023-06-03,SUP19,S004,P011,Premium,2,1,-0.5,0,96,8,True,Excellent
2023-08-10,SUP05,S003,P012,Premium,3,2,-0.333,0,267,10,True,Good
2023-12-19,SUP05,S003,P012,Premium,3,3,0.0,0,47,8,True,Good
2023-04-09,SUP05,S003,P012,Premium,3,2,-0.333,0,188,8,True,Fair
2023-07-30,SUP05,S004,P012,Premium,3,2,-0.333,0,243,10,True,Good
2023-04-07,SUP05,S001,P012,Premium,3,3,0.0,0,101,9,True,Fair
2023-02-09,SUP05,S004,P012,Premium,3,2,-0.333,0,202,10,True,Poor
2023-09-05,SUP05,S003,P012,Premium,3,2,-0.333,0,104,9,True,Poor
2023-11-25,SUP05,S006,P012,Premium,3,3,0.0,0,67,10,True,Excellent
2023-09-06,SUP05,S001,P012,Premium,3,3,0.0,0,46,9,True,Excellent
2023-03-19,SUP05,S004,P012,Premium,3,3,0.0,0,120,8,True,Excellent
2023-08-22,SUP05,S003,P012,Premium,3,2,-0.333,0,153,10,True,Excellent
2023-11-17,SUP05,S006,P012,Premium,3,3,0.0,0,151,10,True,Excellent
2023-12-13,SUP05,S002,P012,Premium,3,2,-0.333,0,281,10,True,Excellent
2023-07-07,SUP05,S003,P012,Premium,3,2,-0.333,0,123,9,False,Excellent
2023-02-01,SUP05,S001,P012,Premium,3,2,-0.333,0,111,8,True,Excellent
2023-10-31,SUP05,S005,P012,Premium,3,2,-0.333,0,36,10,True,Poor
2023-05-12,SUP05,S002,P012,Premium,3,3,0.0,0,217,10,True,Excellent
2023-10-10,SUP05,S001,P012,Premium,3,3,0.0,0,140,10,True,Excellent
2023-12-07,SUP05,S006,P012,Premium,3,2,-0.333,0,174,10,True,Good
2023-01-10,SUP05,S001,P012,Premium,3,3,0.0,0,150,9,True,Fair
2023-03-13,SUP05,S002,P012,Premium,3,3,0.0,0,295,9,False,Excellent
2023-03-23,SUP05,S004,P012,Premium,3,2,-0.333,0,30,9,False,Fair
2023-06-11,SUP05,S001,P012,Premium,3,3,0.0,0,154,10,True,Fair
2023-09-08,SUP05,S005,P012,Premium,3,3,0.0,0,285,8,True,Excellent
2023-08-10,SUP05,S006,P012,Premium,3,3,0.0,0,213,9,True,Good
2023-12-04,SUP05,S004,P012,Premium,3,2,-0.333,0,209,8,True,Good
2023-07-22,SUP05,S001,P012,Premium,3,3,0.0,0,56,9,True,Good
2023-08-27,SUP05,S001,P012,Premium,3,2,-0.333,0,87,8,True,Excellent
2023-08-20,SUP05,S003,P012,Premium,3,2,-0.333,0,246,8,True,Good
2023-08-03,SUP05,S005,P012,Premium,3,2,-0.333,0,275,8,True,Excellent
2023-07-18,SUP05,S006,P012,Premium,3,3,0.0,0,86,8,True,Fair
2023-04-29,SUP05,S003,P012,Premium,3,3,0.0,0,212,9,True,Good
2023-05-03,SUP05,S002,P012,Premium,3,3,0.0,0,161,9,True,Fair
2023-11-13,SUP05,S006,P012,Premium,3,2,-0.333,0,49,9,True,Excellent
2023-08-06,SUP05,S003,P012,Premium,3,3,0.0,0,87,8,True,Excellent
2023-08-19,SUP05,S003,P012,Premium,3,3,0.0,0,258,9,True,Good
2023-09-12,SUP05,S006,P012,Premium,3,2,-0.333,0,190,9,True,Excellent
2023-12-12,SUP05,S005,P012,Premium,3,3,0.0,0,290,10,True,Excellent
2023-08-01,SUP05,S005,P012,Premium,3,3,0.0,0,292,10,True,Excellent
2023-06-15,SUP05,S006,P012,Premium,3,3,0.0,0,111,10,True,Excellent
2023-09-03,SUP05,S001,P012,Premium,3,3,0.0,0,246,9,True,Excellent
2023-02-12,SUP05,S002,P012,Premium,3,2,-0.333,0,139,9,True,Fair
2023-03-06,SUP05,S001,P012,Premium,3,2,-0.333,0,242,8,True,Excellent
2023-07-30,SUP05,S005,P012,Premium,3,3,0.0,0,210,10,True,Excellent
2023-02-19,SUP05,S004,P012,Premium,3,3,0.0,0,187,10,True,Excellent
2023-02-11,SUP05,S005,P012,Premium,3,3,0.0,0,95,8,True,Good
2023-11-28,SUP05,S001,P012,Premium,3,3,0.0,0,73,8,True,Good
2023-12-10,SUP05,S006,P012,Premium,3,2,-0.333,0,203,8,True,Excellent
2023-05-24,SUP05,S005,P012,Premium,3,3,0.0,0,95,10,True,Good
2023-11-30,SUP05,S001,P012,Premium,3,2,-0.333,0,249,10,True,Excellent
2023-08-30,SUP05,S001,P012,Premium,3,2,-0.333,0,241,8,True,Good
2023-04-09,SUP05,S003,P012,Premium,3,3,0.0,0,212,8,True,Excellent
2023-09-20,SUP05,S004,P012,Premium,3,3,0.0,0,211,10,True,Fair
2023-12-12,SUP05,S003,P012,Premium,3,2,-0.333,0,29,8,True,Good
2023-03-16,SUP05,S006,P012,Premium,3,2,-0.333,0,26,9,True,Fair
2023-03-07,SUP05,S004,P012,Premium,3,2,-0.333,0,191,8,True,Poor
2023-03-07,SUP05,S006,P012,Premium,3,3,0.0,0,217,10,True,Excellent
2023-05-16,SUP05,S005,P012,Premium,3,2,-0.333,0,134,10,True,Excellent
2023-06-21,SUP05,S003,P012,Premium,3,2,-0.333,0,68,9,True,Poor
2023-01-17,SUP05,S005,P012,Premium,3,3,0.0,0,88,9,False,Excellent
2023-07-03,SUP13,S002,P013,Standard,2,1,-0.5,0,44,9,True,Excellent
2023-08-27,SUP13,S005,P023,Standard,8,6,-0.25,0,38,7,True,Fair
2023-04-27,SUP13,S001,P013,Standard,2,1,-0.5,0,97,6,True,Excellent
2023-11-15,SUP13,S002,P013,Standard,2,1,-0.5,0,80,7,True,Fair
2023-01-06,SUP13,S005,P013,Standard,2,1,-0.5,0,226,8,True,Fair
2023-01-31,SUP13,S003,P023,Standard,8,9,0.125,0,251,8,True,Good
2023-02-02,SUP13,S002,P023,Standard,8,8,0.0,0,283,9,False,Good
2023-07-15,SUP13,S001,P023,Standard,8,9,0.125,0,138,8,True,Poor
2023-07-21,SUP13,S003,P013,Standard,2,2,0.0,0,258,9,True,Poor
2023-08-20,SUP13,S001,P013,Standard,2,2,0.0,0,192,8,True,Good
2023-09-11,SUP13,S006,P023,Standard,8,8,0.0,0,244,8,True,Fair
2023-05-28,SUP13,S004,P013,Standard,2,1,-0.5,0,139,7,True,Excellent
2023-05-19,SUP13,S001,P013,Standard,2,1,-0.5,0,108,7,False,Fair
2023-03-06,SUP13,S002,P013,Standard,2,1,-0.5,0,211,6,True,Good
2023-08-21,SUP13,S006,P013,Standard,2,1,-0.5,0,152,8,True,Fair
2023-04-23,SUP13,S004,P013,Standard,2,2,0.0,0,142,8,True,Poor
2023-12-26,SUP13,S006,P023,Standard,8,8,0.0,0,198,7,True,Good
2023-08-17,SUP13,S002,P013,Standard,2,2,0.0,0,295,6,True,Good
2023-01-20,SUP13,S001,P023,Standard,8,6,-0.25,0,72,9,False,Good
2023-02-25,SUP13,S003,P013,Standard,2,1,-0.5,3,127,7,True,Good
2023-03-18,SUP13,S004,P023,Standard,8,6,-0.25,0,49,7,True,Good
2023-10-23,SUP13,S004,P013,Standard,2,1,-0.5,0,284,7,False,Excellent
2023-03-31,SUP13,S002,P023,Standard,8,7,-0.125,0,282,9,True,Good
2023-02-23,SUP13,S004,P013,Standard,2,2,0.0,0,76,6,True,Fair
2023-12-26,SUP13,S005,P023,Standard,8,9,0.125,0,44,8,True,Good
2023-06-14,SUP13,S006,P013,Standard,2,1,-0.5,0,163,9,True,Excellent
2023-09-14,SUP13,S006,P023,Standard,8,7,-0.125,0,261,8,True,Good
2023-02-21,SUP13,S005,P013,Standard,2,1,-0.5,0,276,9,True,Good
2023-09-20,SUP13,S002,P023,Standard,8,7,-0.125,0,143,8,True,Fair
2023-04-25,SUP13,S004,P023,Standard,8,5,-0.375,1,298,9,True,Good
2023-11-05,SUP13,S006,P013,Standard,2,1,-0.5,1,135,8,True,Good
2023-01-24,SUP13,S005,P013,Standard,2,1,-0.5,0,227,8,True,Excellent
2023-05-02,SUP13,S005,P023,Standard,8,8,0.0,0,289,7,True,Fair
2023-06-18,SUP13,S004,P013,Standard,2,1,-0.5,0,220,7,True,Good
2023-07-11,SUP13,S003,P023,Standard,8,8,0.0,0,51,6,True,Fair
2023-05-20,SUP13,S001,P023,Standard,8,8,0.0,0,180,9,False,Excellent
2023-05-01,SUP13,S002,P023,Standard,8,5,-0.375,0,163,7,True,Excellent
2023-04-25,SUP13,S003,P013,Standard,2,1,-0.5,0,292,6,True,Fair
2023-02-11,SUP13,S002,P023,Standard,8,5,-0.375,0,299,6,True,Poor
2023-09-08,SUP13,S001,P023,Standard,8,6,-0.25,0,282,6,False,Fair
2023-11-18,SUP13,S002,P013,Standard,2,1,-0.5,0,246,6,True,Fair
2023-11-16,SUP13,S002,P013,Standard,2,1,-0.5,1,122,8,True,Fair
2023-03-10,SUP13,S005,P013,Standard,2,1,-0.5,0,223,7,True,Good
2023-02-25,SUP13,S005,P013,Standard,2,2,0.0,0,145,8,True,Excellent
2023-06-08,SUP13,S006,P023,Standard,8,6,-0.25,3,147,9,False,Fair
2023-04-17,SUP13,S001,P023,Standard,8,7,-0.125,1,55,9,True,Excellent
2023-09-02,SUP13,S001,P023,Standard,8,8,0.0,2,227,6,True,Good
2023-08-05,SUP13,S005,P023,Standard,8,8,0.0,1,277,7,True,Good
2023-11-28,SUP13,S005,P013,Standard,2,1,-0.5,0,122,8,False,Good
2023-11-22,SUP13,S006,P023,Standard,8,7,-0.125,0,171,7,True,Excellent
2023-11-04,SUP13,S001,P023,Standard,8,6,-0.25,1,128,9,True,Excellent
2023-11-22,SUP13,S003,P013,Standard,2,1,-0.5,0,278,6,True,Fair
2023-12-09,SUP13,S001,P023,Standard,8,5,-0.375,0,256,6,False,Good
2023-08-07,SUP13,S006,P023,Standard,8,9,0.125,0,130,7,False,Excellent
2023-06-25,SUP13,S005,P023,Standard,8,8,0.0,0,231,6,True,Fair
2023-02-17,SUP13,S002,P023,Standard,8,6,-0.25,0,256,6,True,Poor
2023-10-12,SUP13,S003,P023,Standard,8,5,-0.375,0,251,7,True,Fair
2023-02-21,SUP13,S003,P023,Standard,8,8,0.0,0,162,8,True,Poor
2023-12-04,SUP13,S001,P013,Standard,2,2,0.0,0,32,8,True,Good
2023-01-27,SUP13,S003,P013,Standard,2,1,-0.5,0,134,8,True,Excellent
2023-01-02,SUP13,S005,P023,Standard,8,7,-0.125,0,72,6,False,Excellent
2023-03-23,SUP13,S005,P023,Standard,8,8,0.0,0,119,6,True,Fair
2023-09-29,SUP04,S001,P042,Standard,7,7,0.0,0,234,6,True,Good
2023-08-16,SUP04,S006,P042,Standard,7,5,-0.286,3,232,8,True,Excellent
2023-06-18,SUP04,S005,P014,Standard,3,2,-0.333,0,282,8,True,Fair
2023-02-16,SUP04,S003,P042,Standard,7,8,0.143,2,88,8,True,Excellent
2023-09-09,SUP04,S001,P042,Standard,7,7,0.0,0,129,7,True,Poor
2023-08-04,SUP04,S004,P016,Standard,4,3,-0.25,0,242,6,True,Good
2023-03-31,SUP04,S003,P016,Standard,4,4,0.0,1,270,8,False,Fair
2023-07-15,SUP04,S003,P042,Standard,7,7,0.0,2,106,6,True,Excellent
2023-04-06,SUP04,S005,P018,Standard,1,1,0.0,0,125,9,False,Fair
2023-02-14,SUP04,S004,P016,Standard,4,2,-0.5,0,28,8,True,Good
2023-01-31,SUP04,S002,P016,Standard,4,3,-0.25,0,133,7,True,Excellent
2023-07-08,SUP04,S003,P014,Standard,3,2,-0.333,0,96,7,True,Excellent
2023-02-07,SUP04,S006,P042,Standard,7,7,0.0,1,187,9,True,Excellent
2023-09-15,SUP04,S004,P042,Standard,7,6,-0.143,2,137,7,True,Fair
2023-08-12,SUP04,S006,P018,Standard,1,1,0.0,0,252,7,False,Good
2023-01-19,SUP04,S001,P014,Standard,3,3,0.0,0,37,6,True,Excellent
2023-02-09,SUP04,S003,P042,Standard,7,5,-0.286,3,117,9,True,Fair
2023-11-22,SUP04,S001,P016,Standard,4,3,-0.25,0,23,8,False,Good
2023-02-23,SUP04,S004,P018,Standard,1,1,0.0,0,166,9,True,Good
2023-02-20,SUP04,S006,P016,Standard,4,3,-0.25,0,181,9,True,Fair
2023-05-24,SUP04,S002,P014,Standard,3,2,-0.333,3,261,8,True,Good
2023-05-26,SUP04,S002,P018,Standard,1,1,0.0,0,76,8,True,Fair
2023-01-31,SUP04,S001,P016,Standard,4,4,0.0,0,245,7,True,Good
2023-02-16,SUP04,S004,P014,Standard,3,2,-0.333,0,155,9,True,Good
2023-02-23,SUP04,S003,P018,Standard,1,1,0.0,0,225,9,True,Fair
2023-12-09,SUP04,S002,P014,Standard,3,2,-0.333,0,264,9,True,Poor
2023-05-10,SUP04,S006,P018,Standard,1,1,0.0,0,211,7,False,Good
2023-05-25,SUP04,S005,P018,Standard,1,1,0.0,0,103,6,False,Good
2023-04-03,SUP04,S003,P042,Standard,7,6,-0.143,0,174,7,True,Good
2023-09-21,SUP04,S001,P016,Standard,4,3,-0.25,0,65,8,True,Good
2023-05-14,SUP04,S001,P014,Standard,3,2,-0.333,0,33,7,True,Fair
2023-05-29,SUP04,S004,P014,Standard,3,2,-0.333,0,148,8,True,Good
2023-11-28,SUP04,S002,P016,Standard,4,3,-0.25,3,130,9,True,Good
2023-05-08,SUP04,S002,P042,Standard,7,5,-0.286,3,134,8,True,Fair
2023-08-03,SUP04,S006,P016,Standard,4,4,0.0,1,81,6,True,Good
2023-07-27,SUP04,S005,P014,Standard,3,3,0.0,1,145,9,True,Poor
2023-10-14,SUP04,S005,P016,Standard,4,4,0.0,0,253,6,False,Fair
2023-04-21,SUP04,S001,P018,Standard,1,1,0.0,0,134,9,True,Good
2023-01-15,SUP04,S002,P016,Standard,4,3,-0.25,0,71,6,True,Fair
2023-04-30,SUP04,S006,P042,Standard,7,6,-0.143,0,124,6,False,Excellent
2023-05-29,SUP04,S002,P042,Standard,7,6,-0.143,0,29,9,True,Fair
2023-06-18,SUP04,S005,P014,Standard,3,3,0.0,0,266,9,False,Excellent
2023-12-05,SUP04,S001,P018,Standard,1,1,0.0,0,28,8,True,Good
2023-08-12,SUP04,S002,P018,Standard,1,1,0.0,0,168,7,True,Good
2023-01-18,SUP04,S006,P018,Standard,1,1,0.0,0,209,9,True,Fair
2023-04-30,SUP04,S005,P042,Standard,7,6,-0.143,0,235,9,True,Good
2023-03-04,SUP04,S001,P042,Standard,7,7,0.0,0,267,7,False,Fair
2023-09-27,SUP04,S001,P016,Standard,4,4,0.0,0,88,9,True,Excellent
2023-12-07,SUP04,S006,P016,Standard,4,4,0.0,0,207,8,True,Fair
2023-07-25,SUP04,S001,P018,Standard,1,1,0.0,0,93,9,True,Fair
2023-12-09,SUP04,S001,P018,Standard,1,1,0.0,0,201,6,True,Excellent
2023-02-20,SUP04,S005,P042,Standard,7,6,-0.143,0,278,9,True,Excellent
2023-04-27,SUP15,S002,P017,Budget,5,4,-0.2,3,155,4,True,Fair
2023-07-11,SUP15,S002,P017,Budget,5,5,0.0,0,105,7,True,Good
2023-07-26,SUP15,S005,P029,Budget,3,3,0.0,0,90,5,True,Fair
2023-12-14,SUP15,S002,P017,Budget,5,2,-0.6,7,224,4,True,Fair
2023-12-13,SUP15,S006,P029,Budget,3,2,-0.333,4,212,4,True,Excellent
2023-03-19,SUP15,S003,P017,Budget,5,5,0.0,0,50,5,True,Good
2023-07-01,SUP15,S006,P045,Budget,3,2,-0.333,0,269,4,True,Fair
2023-02-19,SUP15,S004,P045,Budget,3,2,-0.333,3,229,7,True,Good
2023-03-27,SUP15,S004,P017,Budget,5,6,0.2,4,270,6,True,Poor
2023-02-06,SUP15,S004,P017,Budget,5,6,0.2,0,83,6,True,Poor
2023-01-30,SUP15,S003,P045,Budget,3,1,-0.667,0,241,7,True,Good
2023-06-29,SUP15,S002,P017,Budget,5,2,-0.6,0,209,6,True,Good
2023-11-19,SUP15,S003,P017,Budget,5,4,-0.2,0,212,6,False,Poor
2023-11-06,SUP15,S005,P017,Budget,5,4,-0.2,0,209,5,False,Good
2023-12-26,SUP15,S004,P045,Budget,3,2,-0.333,0,116,6,True,Poor
2023-12-12,SUP15,S002,P029,Budget,3,2,-0.333,4,227,7,True,Excellent
2023-11-07,SUP15,S001,P045,Budget,3,2,-0.333,0,26,5,False,Fair
2023-04-28,SUP15,S003,P045,Budget,3,2,-0.333,4,243,4,False,Good
2023-07-21,SUP15,S003,P029,Budget,3,2,-0.333,0,81,5,True,Fair
2023-02-28,SUP15,S004,P045,Budget,3,3,0.0,0,250,7,True,Poor
2023-01-22,SUP15,S006,P045,Budget,3,3,0.0,0,50,4,True,Poor
2023-08-25,SUP15,S006,P017,Budget,5,5,0.0,2,22,7,True,Fair
2023-08-04,SUP15,S001,P017,Budget,5,5,0.0,0,71,5,True,Fair
2023-02-08,SUP15,S004,P029,Budget,3,2,-0.333,0,56,4,True,Fair
2023-07-18,SUP15,S002,P045,Budget,3,1,-0.667,0,113,4,False,Poor
2023-07-26,SUP15,S005,P029,Budget,3,3,0.0,0,22,6,True,Good
2023-02-20,SUP15,S006,P017,Budget,5,3,-0.4,0,244,4,True,Good
2023-04-21,SUP15,S001,P045,Budget,3,2,-0.333,0,294,6,True,Good
2023-09-16,SUP15,S002,P045,Budget,3,2,-0.333,0,149,6,True,Fair
2023-05-10,SUP15,S005,P045,Budget,3,3,0.0,0,20,4,True,Fair
2023-12-19,SUP15,S005,P029,Budget,3,3,0.0,0,263,5,True,Fair
2023-07-22,SUP15,S003,P017,Budget,5,3,-0.4,5,259,6,True,Fair
2023-01-15,SUP15,S004,P029,Budget,3,2,-0.333,0,203,4,True,Excellent
2023-07-25,SUP15,S001,P017,Budget,5,4,-0.2,5,55,5,True,Fair
2023-01-16,SUP15,S003,P029,Budget,3,2,-0.333,5,33,5,True,Poor
2023-02-24,SUP15,S003,P029,Budget,3,1,-0.667,3,251,5,True,Poor
2023-04-02,SUP15,S004,P045,Budget,3,2,-0.333,6,294,6,True,Poor
2023-02-18,SUP15,S004,P017,Budget,5,5,0.0,1,143,5,False,Excellent
2023-05-10,SUP15,S002,P029,Budget,3,2,-0.333,0,217,5,True,Good
2023-06-28,SUP15,S006,P029,Budget,3,3,0.0,0,243,4,True,Fair
2023-10-07,SUP10,S001,P020,Standard,10,9,-0.1,0,162,7,True,Good
2023-07-18,SUP10,S004,P033,Standard,8,5,-0.375,0,71,7,True,Fair
2023-11-12,SUP10,S001,P033,Standard,8,8,0.0,0,51,7,True,Fair
2023-06-23,SUP10,S003,P020,Standard,10,11,0.1,0,52,9,True,Fair
2023-03-18,SUP10,S003,P033,Standard,8,9,0.125,0,80,8,True,Good
2023-05-23,SUP10,S003,P020,Standard,10,7,-0.3,0,125,8,True,Good
2023-12-04,SUP10,S005,P020,Standard,10,10,0.0,0,30,6,True,Fair
2023-10-09,SUP10,S002,P020,Standard,10,7,-0.3,0,87,6,True,Excellent
2023-02-16,SUP10,S002,P020,Standard,10,8,-0.2,0,179,7,True,Excellent
2023-08-10,SUP10,S003,P020,Standard,10,8,-0.2,0,278,9,True,Excellent
2023-04-17,SUP10,S002,P020,Standard,10,7,-0.3,0,86,7,True,Good
2023-10-05,SUP10,S005,P020,Standard,10,7,-0.3,0,274,6,True,Good
2023-09-26,SUP10,S006,P020,Standard,10,8,-0.2,0,163,8,True,Good
2023-05-05,SUP10,S005,P033,Standard,8,8,0.0,0,91,7,True,Fair
2023-11-20,SUP10,S005,P033,Standard,8,6,-0.25,0,76,9,True,Excellent
2023-09-24,SUP10,S003,P033,Standard,8,8,0.0,0,79,7,True,Poor
2023-09-06,SUP10,S004,P033,Standard,8,8,0.0,0,236,8,False,Good
2023-07-31,SUP10,S002,P020,Standard,10,8,-0.2,0,222,8,True,Excellent
2023-10-10,SUP10,S006,P033,Standard,8,7,-0.125,0,149,9,True,Fair
2023-10-13,SUP10,S006,P020,Standard,10,10,0.0,0,271,9,False,Excellent
2023-11-30,SUP10,S005,P033,Standard,8,7,-0.125,0,126,8,True,Good
2023-02-23,SUP10,S001,P033,Standard,8,8,0.0,2,50,9,True,Fair
2023-12-02,SUP10,S002,P033,Standard,8,7,-0.125,0,189,8,False,Fair
2023-08-06,SUP10,S001,P020,Standard,10,9,-0.1,2,271,9,True,Excellent
2023-06-22,SUP10,S004,P033,Standard,8,7,-0.125,0,119,9,True,Good
2023-12-22,SUP10,S005,P020,Standard,10,7,-0.3,1,172,7,True,Good
2023-02-12,SUP10,S005,P020,Standard,10,8,-0.2,0,56,6,True,Excellent
2023-06-27,SUP10,S006,P033,Standard,8,6,-0.25,0,150,9,False,Fair
2023-02-08,SUP10,S004,P033,Standard,8,6,-0.25,0,166,7,True,Fair
2023-04-17,SUP10,S003,P033,Standard,8,9,0.125,0,47,8,True,Good
2023-05-09,SUP10,S002,P020,Standard,10,10,0.0,0,239,8,True,Poor
2023-10-08,SUP10,S006,P033,Standard,8,5,-0.375,0,75,9,True,Good
2023-10-29,SUP10,S002,P020,Standard,10,7,-0.3,0,44,8,True,Excellent
2023-11-25,SUP10,S005,P020,Standard,10,10,0.0,0,177,6,True,Good
2023-03-25,SUP10,S004,P033,Standard,8,8,0.0,0,230,6,True,Good
2023-08-19,SUP10,S001,P033,Standard,8,9,0.125,0,44,7,True,Excellent
2023-12-07,SUP10,S003,P020,Standard,10,10,0.0,0,242,6,True,Fair
2023-03-04,SUP10,S006,P020,Standard,10,8,-0.2,0,128,8,False,Fair
2023-07-26,SUP10,S004,P020,Standard,10,9,-0.1,0,111,8,True,Excellent
2023-03-07,SUP10,S005,P033,Standard,8,6,-0.25,0,22,6,True,Good
2023-12-07,SUP10,S005,P020,Standard,10,9,-0.1,0,21,9,True,Excellent
2023-06-15,SUP10,S004,P033,Standard,8,6,-0.25,0,179,7,True,Poor
2023-10-30,SUP10,S004,P020,Standard,10,11,0.1,0,23,9,True,Fair
2023-03-09,SUP10,S004,P020,Standard,10,11,0.1,3,241,6,True,Poor
2023-12-27,SUP10,S001,P033,Standard,8,7,-0.125,0,156,8,False,Poor
2023-02-08,SUP10,S005,P020,Standard,10,10,0.0,0,295,8,True,Fair
2023-11-17,SUP10,S003,P033,Standard,8,5,-0.375,0,187,6,True,Fair
2023-09-10,SUP10,S002,P033,Standard,8,7,-0.125,0,170,6,False,Fair
2023-07-10,SUP10,S003,P020,Standard,10,10,0.0,0,293,6,True,Excellent
2023-02-15,SUP10,S006,P033,Standard,8,8,0.0,0,173,7,True,Good
2023-09-11,SUP10,S003,P033,Standard,8,7,-0.125,0,232,8,True,Good
2023-09-09,SUP10,S006,P020,Standard,10,11,0.1,1,21,6,True,Fair
2023-02-24,SUP10,S002,P033,Standard,8,6,-0.25,0,94,8,True,Excellent
2023-09-24,SUP10,S003,P033,Standard,8,9,0.125,2,254,7,False,Good
2023-11-06,SUP10,S006,P033,Standard,8,8,0.0,3,230,7,False,Poor
2023-12-05,SUP10,S001,P020,Standard,10,8,-0.2,0,60,8,True,Good
2023-05-23,SUP10,S003,P033,Standard,8,7,-0.125,1,254,8,True,Poor
2023-08-22,SUP10,S001,P020,Standard,10,7,-0.3,0,193,6,True,Excellent
2023-08-29,SUP10,S006,P020,Standard,10,7,-0.3,0,162,8,True,Fair
2023-04-10,SUP10,S001,P033,Standard,8,8,0.0,0,141,8,True,Poor
2023-05-07,SUP10,S004,P033,Standard,8,9,0.125,2,271,7,True,Poor
2023-03-05,SUP10,S001,P033,Standard,8,9,0.125,0,202,8,True,Fair
2023-03-12,SUP10,S006,P020,Standard,10,10,0.0,0,51,9,False,Good
2023-02-12,SUP10,S001,P033,Standard,8,6,-0.25,0,92,9,True,Good
2023-05-18,SUP10,S006,P033,Standard,8,6,-0.25,0,193,8,True,Fair
2023-06-11,SUP14,S004,P027,Standard,9,9,0.0,0,242,9,True,Excellent
2023-02-12,SUP14,S006,P027,Standard,9,7,-0.222,0,30,9,True,Good
2023-03-22,SUP14,S002,P027,Standard,9,8,-0.111,0,288,6,True,Poor
2023-10-15,SUP14,S006,P027,Standard,9,8,-0.111,0,287,6,True,Excellent
2023-04-02,SUP14,S003,P027,Standard,9,9,0.0,2,30,7,True,Fair
2023-12-16,SUP14,S006,P027,Standard,9,7,-0.222,0,299,7,True,Good
2023-08-23,SUP14,S003,P027,Standard,9,9,0.0,0,262,6,True,Fair
2023-12-04,SUP14,S005,P027,Standard,9,7,-0.222,1,262,7,True,Good
2023-05-02,SUP14,S001,P027,Standard,9,10,0.111,2,229,9,True,Excellent
2023-08-25,SUP14,S004,P027,Standard,9,9,0.0,0,63,8,True,Good
2023-01-06,SUP14,S005,P027,Standard,9,9,0.0,0,76,7,False,Excellent
2023-09-23,SUP14,S006,P027,Standard,9,8,-0.111,0,254,8,True,Good
2023-06-02,SUP14,S005,P027,Standard,9,8,-0.111,0,38,9,True,Fair
2023-08-18,SUP14,S003,P027,Standard,9,10,0.111,0,298,8,True,Excellent
2023-02-15,SUP14,S001,P027,Standard,9,7,-0.222,0,286,8,True,Excellent
2023-11-26,SUP14,S005,P027,Standard,9,8,-0.111,1,81,7,True,Fair
2023-01-02,SUP14,S006,P027,Standard,9,8,-0.111,0,289,8,True,Good
2023-04-21,SUP14,S005,P027,Standard,9,9,0.0,0,126,8,True,Good
2023-01-23,SUP14,S003,P027,Standard,9,6,-0.333,0,34,9,True,Good
2023-03-23,SUP14,S004,P027,Standard,9,9,0.0,0,63,8,True,Excellent
2023-11-03,SUP14,S005,P027,Standard,9,8,-0.111,0,21,7,True,Excellent
2023-01-23,SUP14,S004,P027,Standard,9,7,-0.222,3,246,8,True,Good
2023-12-07,SUP14,S005,P027,Standard,9,10,0.111,0,137,7,True,Good
2023-05-15,SUP14,S005,P027,Standard,9,6,-0.333,0,279,8,True,Fair
2023-03-31,SUP14,S001,P027,Standard,9,7,-0.222,0,151,8,True,Fair
2023-03-06,SUP14,S004,P027,Standard,9,9,0.0,0,254,6,True,Poor
2023-06-01,SUP14,S005,P027,Standard,9,7,-0.222,2,225,8,True,Good
2023-02-11,SUP14,S004,P027,Standard,9,10,0.111,0,60,7,False,Poor
2023-07-04,SUP14,S003,P027,Standard,9,8,-0.111,0,257,6,True,Good
2023-05-01,SUP14,S004,P027,Standard,9,7,-0.222,0,181,9,True,Excellent
2023-06-10,SUP14,S002,P027,Standard,9,7,-0.222,0,174,7,True,Fair
2023-01-26,SUP14,S001,P027,Standard,9,8,-0.111,0,260,7,True,Fair
2023-12-15,SUP14,S005,P027,Standard,9,6,-0.333,0,95,8,True,Good
2023-06-02,SUP14,S005,P027,Standard,9,7,-0.222,0,130,9,True,Fair
2023-11-11,SUP14,S002,P027,Standard,9,9,0.0,0,128,7,True,Good
2023-08-25,SUP14,S006,P027,Standard,9,7,-0.222,0,280,7,False,Excellent
2023-11-16,SUP14,S003,P027,Standard,9,9,0.0,0,151,9,True,Good
2023-12-30,SUP14,S001,P027,Standard,9,9,0.0,0,56,9,True,Fair
2023-01-03,SUP14,S005,P027,Standard,9,10,0.111,0,260,6,True,Fair
2023-05-02,SUP14,S006,P027,Standard,9,9,0.0,0,62,7,True,Good
2023-06-03,SUP14,S005,P027,Standard,9,10,0.111,2,133,8,True,Fair
2023-01-06,SUP16,S006,P031,Standard,2,2,0.0,0,179,8,True,Fair
2023-01-30,SUP16,S001,P031,Standard,2,2,0.0,1,44,8,False,Excellent
2023-07-03,SUP16,S005,P031,Standard,2,1,-0.5,3,55,7,True,Good
2023-01-20,SUP16,S003,P031,Standard,2,2,0.0,0,34,6,True,Excellent
2023-11-27,SUP16,S003,P031,Standard,2,2,0.0,0,243,6,False,Poor
2023-09-23,SUP16,S001,P031,Standard,2,1,-0.5,0,265,8,True,Poor
2023-05-05,SUP16,S004,P031,Standard,2,1,-0.5,0,120,8,True,Good
2023-08-20,SUP16,S005,P031,Standard,2,1,-0.5,0,134,7,True,Excellent
2023-01-01,SUP16,S003,P031,Standard,2,1,-0.5,0,262,7,False,Good
2023-01-20,SUP16,S002,P031,Standard,2,1,-0.5,0,162,9,True,Good
2023-06-02,SUP16,S006,P031,Standard,2,1,-0.5,0,57,9,False,Poor
2023-06-07,SUP16,S005,P031,Standard,2,1,-0.5,0,222,6,True,Fair
2023-02-17,SUP16,S006,P031,Standard,2,1,-0.5,0,142,8,True,Excellent
2023-01-20,SUP16,S006,P031,Standard,2,2,0.0,0,121,9,True,Fair
2023-07-28,SUP16,S002,P031,Standard,2,2,0.0,3,198,6,True,Fair
2023-08-02,SUP16,S001,P031,Standard,2,2,0.0,0,119,6,True,Excellent
2023-10-29,SUP16,S004,P031,Standard,2,2,0.0,0,29,9,True,Excellent
2023-06-12,SUP16,S003,P031,Standard,2,2,0.0,0,106,8,True,Excellent
2023-03-22,SUP16,S003,P031,Standard,2,2,0.0,0,194,6,True,Fair
2023-06-27,SUP16,S004,P031,Standard,2,2,0.0,0,234,6,True,Fair
2023-03-30,SUP16,S005,P031,Standard,2,2,0.0,3,231,6,True,Excellent
2023-04-26,SUP16,S004,P031,Standard,2,2,0.0,0,248,8,False,Poor
2023-09-13,SUP16,S006,P031,Standard,2,1,-0.5,0,55,6,True,Poor
2023-04-12,SUP16,S006,P031,Standard,2,1,-0.5,0,50,6,True,Poor
2023-04-10,SUP16,S003,P031,Standard,2,1,-0.5,0,242,7,True,Good
2023-06-02,SUP16,S004,P031,Standard,2,2,0.0,0,156,9,False,Fair
2023-02-16,SUP16,S004,P031,Standard,2,1,-0.5,0,119,9,True,Fair
2023-02-09,SUP16,S005,P031,Standard,2,1,-0.5,0,126,7,True,Fair
2023-10-27,SUP16,S006,P031,Standard,2,1,-0.5,0,290,6,False,Good
2023-07-31,SUP16,S003,P031,Standard,2,2,0.0,0,177,6,True,Excellent
2023-11-06,SUP16,S005,P031,Standard,2,1,-0.5,0,279,6,False,Good
2023-06-07,SUP16,S001,P031,Standard,2,1,-0.5,0,139,9,False,Fair
2023-07-05,SUP16,S002,P031,Standard,2,1,-0.5,0,200,6,True,Good
2023-07-02,SUP16,S003,P031,Standard,2,1,-0.5,0,289,9,True,Good
2023-09-04,SUP16,S005,P031,Standard,2,1,-0.5,3,113,7,True,Poor
2023-05-01,SUP16,S001,P031,Standard,2,2,0.0,0,212,9,True,Good
2023-08-12,SUP16,S006,P031,Standard,2,1,-0.5,0,180,8,True,Fair
2023-12-19,SUP16,S003,P031,Standard,2,1,-0.5,0,275,7,False,Poor
2023-12-15,SUP16,S004,P031,Standard,2,2,0.0,1,237,7,True,Good
2023-01-24,SUP16,S006,P031,Standard,2,1,-0.5,0,229,7,True,Good
2023-02-17,SUP16,S004,P031,Standard,2,1,-0.5,3,113,9,False,Good
2023-01-18,SUP16,S003,P031,Standard,2,2,0.0,0,26,8,True,Good
2023-06-28,SUP16,S004,P031,Standard,2,1,-0.5,0,248,7,True,Good
2023-08-25,SUP16,S004,P031,Standard,2,2,0.0,0,47,6,True,Good
2023-08-01,SUP16,S006,P031,Standard,2,2,0.0,0,223,9,True,Fair
2023-04-06,SUP16,S002,P031,Standard,2,1,-0.5,0,195,7,True,Poor
2023-07-15,SUP16,S001,P031,Standard,2,2,0.0,0,175,6,True,Good
2023-02-10,SUP07,S002,P037,Standard,6,6,0.0,0,221,9,True,Good
2023-01-27,SUP07,S002,P037,Standard,6,5,-0.167,0,107,7,True,Fair
2023-07-18,SUP07,S005,P037,Standard,6,6,0.0,0,273,6,True,Good
2023-03-24,SUP07,S003,P037,Standard,6,5,-0.167,0,277,7,True,Good
2023-11-13,SUP07,S001,P037,Standard,6,5,-0.167,0,80,7,True,Fair
2023-06-24,SUP07,S005,P037,Standard,6,5,-0.167,0,91,6,True,Excellent
2023-11-26,SUP07,S004,P037,Standard,6,4,-0.333,0,68,7,False,Poor
2023-07-17,SUP07,S004,P037,Standard,6,6,0.0,2,99,6,True,Fair
2023-12-24,SUP07,S006,P037,Standard,6,6,0.0,0,83,9,True,Excellent
2023-04-30,SUP07,S006,P037,Standard,6,6,0.0,0,21,8,True,Poor
2023-11-19,SUP07,S006,P037,Standard,6,7,0.167,0,90,9,True,Fair
2023-03-13,SUP07,S001,P037,Standard,6,6,0.0,0,298,8,True,Good
2023-06-05,SUP07,S005,P037,Standard,6,5,-0.167,0,50,8,True,Good
2023-01-13,SUP07,S005,P037,Standard,6,4,-0.333,3,135,6,True,Fair
2023-11-29,SUP07,S002,P037,Standard,6,4,-0.333,0,253,7,True,Good
2023-09-12,SUP07,S004,P037,Standard,6,5,-0.167,0,151,9,True,Good
2023-07-02,SUP07,S004,P037,Standard,6,4,-0.333,0,84,9,False,Good
2023-06-17,SUP07,S004,P037,Standard,6,4,-0.333,0,200,6,True,Poor
2023-03-29,SUP07,S005,P037,Standard,6,5,-0.167,3,89,8,True,Poor
2023-03-06,SUP07,S001,P037,Standard,6,6,0.0,1,293,6,True,Excellent
2023-03-24,SUP07,S001,P037,Standard,6,4,-0.333,0,64,7,True,Poor
2023-01-19,SUP07,S004,P037,Standard,6,5,-0.167,0,230,9,True,Excellent
2023-10-15,SUP07,S002,P037,Standard,6,5,-0.167,0,256,7,True,Poor
2023-02-25,SUP07,S004,P037,Standard,6,5,-0.167,0,60,8,True,Excellent
2023-07-08,SUP07,S001,P037,Standard,6,4,-0.333,0,206,7,True,Excellent
2023-02-20,SUP07,S005,P037,Standard,6,6,0.0,0,209,9,True,Good
2023-12-05,SUP07,S004,P037,Standard,6,6,0.0,0,209,6,True,Good
2023-07-08,SUP07,S005,P037,Standard,6,6,0.0,0,260,8,True,Fair
2023-10-12,SUP07,S005,P037,Standard,6,4,-0.333,2,144,7,True,Excellent
2023-10-10,SUP07,S003,P037,Standard,6,6,0.0,0,272,8,False,Fair
2023-07-29,SUP07,S005,P037,Standard,6,4,-0.333,1,143,7,True,Poor
2023-03-24,SUP07,S001,P037,Standard,6,6,0.0,0,77,7,True,Poor
2023-03-14,SUP07,S005,P037,Standard,6,6,0.0,0,183,8,True,Excellent
2023-01-04,SUP07,S002,P037,Standard,6,5,-0.167,0,272,6,True,Good
2023-09-24,SUP07,S001,P037,Standard,6,7,0.167,0,154,6,True,Poor
2023-03-17,SUP07,S006,P037,Standard,6,5,-0.167,0,54,6,True,Good
2023-09-10,SUP07,S001,P037,Standard,6,6,0.0,0,295,7,True,Fair
2023-04-14,SUP07,S001,P037,Standard,6,7,0.167,0,220,7,True,Good
2023-09-29,SUP07,S001,P037,Standard,6,7,0.167,0,141,6,True,Fair
2023-02-18,SUP07,S004,P037,Standard,6,5,-0.167,0,282,6,True,Fair
2023-07-07,SUP07,S001,P037,Standard,6,6,0.0,0,79,8,True,Fair
2023-08-01,SUP07,S003,P037,Standard,6,4,-0.333,0,287,7,True,Good
2023-07-13,SUP07,S002,P037,Standard,6,5,-0.167,0,59,8,True,Good
2023-09-16,SUP07,S004,P037,Standard,6,6,0.0,3,224,8,True,Good
2023-07-18,SUP07,S001,P037,Standard,6,5,-0.167,0,200,8,True,Good
2023-01-14,SUP07,S001,P037,Standard,6,6,0.0,0,167,6,True,Poor
2023-08-10,SUP07,S006,P037,Standard,6,6,0.0,0,129,6,True,Excellent
2023-04-08,SUP07,S003,P037,Standard,6,5,-0.167,0,247,8,True,Good
2023-10-23,SUP07,S001,P037,Standard,6,6,0.0,0,266,9,True,Poor
2023-06-29,SUP07,S002,P037,Standard,6,6,0.0,0,115,6,True,Poor
2023-05-30,SUP17,S005,P039,Standard,3,2,-0.333,0,101,6,True,Excellent
2023-01-14,SUP17,S004,P039,Standard,3,3,0.0,0,234,8,True,Fair
2023-02-19,SUP17,S006,P039,Standard,3,3,0.0,0,20,9,True,Good
2023-09-13,SUP17,S001,P039,Standard,3,3,0.0,0,272,7,True,Fair
2023-03-31,SUP17,S002,P039,Standard,3,3,0.0,0,162,8,True,Good
2023-03-05,SUP17,S003,P039,Standard,3,3,0.0,0,100,7,True,Poor
2023-05-07,SUP17,S006,P039,Standard,3,2,-0.333,3,260,6,False,Fair
2023-07-23,SUP17,S003,P039,Standard,3,2,-0.333,0,235,8,False,Good
2023-12-21,SUP17,S006,P039,Standard,3,2,-0.333,0,89,6,True,Fair
2023-12-30,SUP17,S002,P039,Standard,3,2,-0.333,0,110,7,True,Excellent
2023-04-04,SUP17,S005,P039,Standard,3,2,-0.333,0,254,8,True,Poor
2023-05-07,SUP17,S001,P039,Standard,3,2,-0.333,0,132,6,True,Good
2023-08-15,SUP17,S003,P039,Standard,3,2,-0.333,0,174,6,True,Good
2023-02-28,SUP17,S005,P039,Standard,3,3,0.0,3,46,6,True,Poor
2023-09-18,SUP17,S006,P039,Standard,3,3,0.0,0,40,8,True,Fair
2023-06-17,SUP17,S005,P039,Standard,3,2,-0.333,0,152,8,True,Excellent
2023-09-14,SUP17,S001,P039,Standard,3,2,-0.333,0,68,7,True,Excellent
2023-01-30,SUP17,S006,P039,Standard,3,3,0.0,0,290,8,True,Excellent
2023-07-04,SUP17,S006,P039,Standard,3,3,0.0,0,182,7,True,Poor
2023-04-29,SUP17,S003,P039,Standard,3,2,-0.333,3,144,9,True,Excellent
2023-06-27,SUP17,S003,P039,Standard,3,3,0.0,0,241,8,True,Good
2023-04-08,SUP17,S004,P039,Standard,3,2,-0.333,0,264,9,True,Good
2023-09-08,SUP17,S006,P039,Standard,3,3,0.0,0,224,7,False,Fair
2023-06-01,SUP17,S005,P039,Standard,3,2,-0.333,1,137,8,True,Fair
2023-12-12,SUP17,S003,P039,Standard,3,2,-0.333,2,286,8,True,Fair
2023-08-15,SUP17,S004,P039,Standard,3,2,-0.333,0,299,6,True,Good
2023-07-29,SUP17,S006,P039,Standard,3,2,-0.333,0,133,7,True,Good
2023-04-30,SUP17,S006,P039,Standard,3,3,0.0,3,212,8,True,Excellent
2023-02-07,SUP17,S003,P039,Standard,3,2,-0.333,3,166,7,True,Good
2023-02-05,SUP17,S001,P039,Standard,3,3,0.0,0,294,7,True,Good
2023-10-07,SUP17,S002,P039,Standard,3,2,-0.333,0,144,8,False,Fair
2023-09-28,SUP17,S003,P039,Standard,3,3,0.0,0,300,9,True,Good
2023-04-08,SUP17,S004,P039,Standard,3,2,-0.333,0,125,8,True,Fair
2023-03-03,SUP17,S004,P039,Standard,3,2,-0.333,0,206,9,True,Good
2023-04-02,SUP17,S001,P039,Standard,3,3,0.0,0,88,9,True,Fair
2023-08-10,SUP17,S006,P039,Standard,3,3,0.0,0,185,6,True,Good
2023-10-27,SUP17,S006,P039,Standard,3,3,0.0,0,188,6,True,Poor
2023-07-10,SUP17,S001,P039,Standard,3,3,0.0,0,269,9,True,Good
2023-10-09,SUP17,S004,P039,Standard,3,2,-0.333,0,50,8,True,Excellent
2023-09-25,SUP17,S001,P039,Standard,3,3,0.0,0,93,8,False,Poor
2023-11-20,SUP17,S005,P039,Standard,3,2,-0.333,0,93,6,True,Excellent
2023-01-10,SUP17,S003,P039,Standard,3,3,0.0,0,166,9,True,Good
2023-01-31,SUP17,S003,P039,Standard,3,2,-0.333,0,139,6,True,Good
2023-04-17,SUP17,S005,P039,Standard,3,2,-0.333,0,232,7,True,Fair
2023-08-02,SUP17,S003,P039,Standard,3,3,0.0,3,26,6,True,Fair
2023-06-07,SUP17,S002,P039,Standard,3,2,-0.333,0,68,9,False,Poor
2023-09-16,SUP17,S005,P039,Standard,3,3,0.0,0,57,9,True,Excellent
2023-10-22,SUP17,S006,P039,Standard,3,3,0.0,3,79,8,False,Good
2023-04-14,SUP17,S003,P039,Standard,3,3,0.0,0,128,8,False,Fair
2023-10-30,SUP17,S002,P039,Standard,3,3,0.0,2,249,8,True,Good
2023-07-13,SUP17,S003,P039,Standard,3,3,0.0,0,110,8,True,Fair
2023-10-02,SUP17,S006,P039,Standard,3,3,0.0,0,211,7,True,Fair
2023-03-03,SUP17,S006,P039,Standard,3,2,-0.333,0,183,6,False,Fair
2023-05-12,SUP17,S004,P039,Standard,3,3,0.0,0,138,7,True,Good
2023-11-27,SUP17,S006,P039,Standard,3,2,-0.333,0,121,6,True,Poor
2023-09-23,SUP17,S002,P039,Standard,3,3,0.0,0,164,8,True,Excellent
2023-09-15,SUP17,S004,P039,Standard,3,2,-0.333,0,79,9,True,Good
2023-10-07,SUP17,S002,P039,Standard,3,3,0.0,2,170,7,True,Fair
2023-09-22,SUP17,S002,P039,Standard,3,3,0.0,0,191,9,True,Good
2023-09-18,SUP17,S001,P039,Standard,3,3,0.0,0,192,6,True,Good
2023-03-26,SUP17,S003,P039,Standard,3,2,-0.333,0,232,6,True,Good
2023-10-01,SUP17,S006,P039,Standard,3,3,0.0,0,42,6,True,Poor
2023-12-23,SUP17,S004,P039,Standard,3,2,-0.333,0,40,9,True,Fair
2023-04-21,SUP17,S004,P039,Standard,3,3,0.0,0,28,7,True,Fair
